Name,Team,Position.X,Position.Y,Position.Z,ActiveWeapon,HP,Armour,Velocity.X,Velocity.Y,Velocity.Z,IsDucking,HasHelmet,HasDefuseKit,ViewDirectionX,ViewDirectionY,Map = de_inferno
Uzzziii;D,Terrorist,-757.6151,572.393,-31.96875,AK47,100,0,151.0759,140.8588,0,False,False,False,28.47656,352.2656
Uzzziii;D,Terrorist,-746.5143,582.3019,-31.96875,AK47,100,0,165.972,136.6685,0,False,False,False,27.77344,352.2656
Uzzziii;D,Terrorist,-735.8155,590.4581,-31.96875,Glock,100,0,176.4001,126.8842,0,False,False,False,26.36719,352.6172
Uzzziii;D,Terrorist,-725.5682,597.3848,-31.96875,Knife,100,0,195.4934,126.7618,0,False,False,False,26.01563,353.3203
Uzzziii;D,Terrorist,-712.707,605.3221,-31.96875,Knife,100,0,212.9991,127.1613,0,False,False,False,26.01563,353.3203
Uzzziii;D,Terrorist,-699.1832,613.1423,-31.96875,Knife,100,0,217.5821,123.118,0,False,False,False,26.01563,353.3203
Uzzziii;D,Terrorist,-683.7949,621.6383,-31.96875,Knife,100,0,219.7639,119.1799,0,False,False,False,25.66406,353.6719
Uzzziii;D,Terrorist,-669.9808,628.9392,-31.96875,Knife,100,0,222.1,114.7676,0,False,False,False,23.55469,357.5391
Uzzziii;D,Terrorist,-656.0189,635.9536,-31.96875,Knife,100,0,224.3266,110.352,0,False,False,False,22.85156,1.054688
Uzzziii;D,Terrorist,-643.702,641.8873,-31.96875,Knife,100,0,225.8294,107.2432,0,False,False,False,22.85156,1.40625
Uzzziii;D,Terrorist,-629.5422,648.4933,-31.96875,Knife,100,0,227.0595,104.6134,0,False,False,False,22.85156,1.40625
Uzzziii;D,Terrorist,-615.3187,654.961,-31.96875,Knife,100,0,227.9351,102.6918,0,False,False,False,22.85156,1.40625
Uzzziii;D,Terrorist,-601.0439,661.3149,-31.96875,Knife,100,0,228.8077,100.7325,0,False,False,False,21.79688,0.703125
Uzzziii;D,Terrorist,-584.926,668.3071,-31.96875,Knife,100,0,226.4136,103.4441,0,False,False,False,19.33594,0.3515625
Uzzziii;D,Terrorist,-573.3013,675.1763,-31.96875,Knife,100,0,203.0685,140.8011,0,False,False,False,19.33594,0
Uzzziii;D,Terrorist,-560.961,684.6581,-31.96875,Knife,100,0,201.8096,147.5564,0,False,False,False,19.33594,0
Uzzziii;D,Terrorist,-546.2184,694.2203,-31.96875,Knife,100,0,214.7299,128.0276,0,False,False,False,20.39063,359.2969
Uzzziii;D,Terrorist,-534.251,700.8271,-31.96875,Knife,100,0,221.868,115.2153,0,False,False,False,16.52344,357.5391
Uzzziii;D,Terrorist,-518.2832,708.1626,-31.96875,Knife,100,0,231.3376,94.77826,0,False,False,False,8.085938,355.7813
Uzzziii;D,Terrorist,-503.6508,713.6359,-31.96875,Knife,100,0,231.7825,93.68492,0,False,False,False,359.2969,353.3203
Uzzziii;D,Terrorist,-492.4646,718.7551,-31.96875,AK47,100,0,192.3611,96.03232,0,False,False,False,355.7813,353.3203
Uzzziii;D,Terrorist,-482.1264,726.2482,-31.96875,AK47,100,0,146.4914,136.6386,0,False,False,False,355.7813,353.3203
Uzzziii;D,Terrorist,-474.0978,735.8414,-31.96875,AK47,100,0,123.1076,162.0682,0,False,False,False,355.7813,353.3203
Uzzziii;D,Terrorist,-465.7518,745.9815,-31.96875,AK47,100,0,140.9497,162.2568,0,False,False,False,355.0781,353.3203
Uzzziii;D,Terrorist,-455.5036,757.0926,-31.96875,AK47,100,0,149.0261,154.9717,0,False,False,False,355.0781,353.3203
Uzzziii;D,Terrorist,-447.2122,765.4286,-31.96875,AK47,100,0,153.4257,150.6172,0,False,False,False,354.375,353.3203
Uzzziii;D,Terrorist,-436.2254,775.8112,-31.96875,AK47,100,0,158.4882,145.2807,0,False,False,False,352.6172,353.6719
Uzzziii;D,Terrorist,-427.4376,783.6224,-31.96875,AK47,100,0,162.3028,141.0064,0,False,False,False,350.8594,353.3203
Uzzziii;D,Terrorist,-416.8618,791.5883,-31.96875,AK47,100,0,178.359,107.9845,0,False,False,False,350.5078,353.3203
Uzzziii;D,Terrorist,-405.0334,796.8981,-29.22613,Knife,100,0,198.092,68.5956,0,False,False,False,350.5078,353.3203
Uzzziii;D,Terrorist,-390.1203,800.7103,-25.49786,Knife,100,0,218.6875,58.44445,0,False,False,False,350.8594,353.6719
Uzzziii;D,Terrorist,-376.2846,805.4554,-22.03894,Knife,100,0,223.1318,88.35699,0,False,False,False,351.5625,354.0234
Uzzziii;D,Terrorist,-364.0132,810.9559,-18.97107,Knife,100,0,224.9538,109.0679,0,False,False,False,352.9688,354.7266
Uzzziii;D,Terrorist,-350.2207,818.293,-15.52296,Knife,100,0,217.5913,123.1017,0,False,False,False,352.9688,355.0781
Uzzziii;D,Terrorist,-335.1795,827.3867,-11.76266,Knife,100,0,211.289,133.6299,0,False,False,False,352.9688,355.0781
Uzzziii;D,Terrorist,-323.3493,834.0698,-8.805106,Knife,100,0,223.9842,105.698,0,False,False,False,352.9688,355.0781
Uzzziii;D,Terrorist,-308.7242,839.3185,-5.148834,Knife,100,0,240.3836,68.67124,0,False,False,False,353.6719,355.0781
Uzzziii;D,Terrorist,-293.6397,843.3742,-1.377708,Knife,100,0,238.2997,75.58601,0,False,False,False,354.0234,355.4297
Uzzziii;D,Terrorist,-277.3163,849.8685,2.703141,Knife,100,0,227.3475,103.9861,0,False,False,False,354.0234,355.4297
Uzzziii;D,Terrorist,-265.0945,855.9887,5.758583,Knife,100,0,223.4566,111.605,0,False,False,False,354.0234,355.4297
Uzzziii;D,Terrorist,-250.5256,861.5762,9.40083,Knife,100,0,238.9464,73.51615,0,False,False,False,354.0234,355.4297
Uzzziii;D,Terrorist,-233.3889,865.4373,13.68498,Knife,100,0,246.5143,41.60167,0,False,False,False,353.6719,356.1328
Uzzziii;D,Terrorist,-219.8221,867.1038,17.07669,Knife,100,0,248.9605,22.7747,0,False,False,False,352.9688,356.8359
Uzzziii;D,Terrorist,-204.2217,867.9326,20.9768,Knife,100,0,249.9111,6.666769,0,False,False,False,352.6172,356.8359
Uzzziii;D,Terrorist,-188.598,867.9259,24.88272,Knife,100,0,249.953,-4.845411,0,False,False,False,352.6172,357.1875
Uzzziii;D,Terrorist,-172.986,867.3058,28.78571,Knife,100,0,249.6289,-13.61725,0,False,False,False,351.5625,358.2422
Uzzziii;D,Terrorist,-155.4563,866.0134,33.16815,Knife,100,0,249.0363,-21.93008,0,False,False,False,350.5078,359.2969
Uzzziii;D,Terrorist,-139.9105,864.4445,37.05459,Knife,100,0,248.5093,-27.26067,0,False,False,False,350.5078,358.9453
Uzzziii;D,Terrorist,-126.3326,862.8456,40.44908,Knife,100,0,248.1227,-30.57965,0,False,False,False,350.5078,358.9453
Uzzziii;D,Terrorist,-108.9026,860.5687,44.80656,Knife,100,0,247.7237,-33.6595,0,False,False,False,350.5078,358.9453
Uzzziii;D,Terrorist,-95.42994,858.5012,48.17474,Knife,100,0,241.8109,-49.83826,0,False,False,False,350.5078,358.9453
Uzzziii;D,Terrorist,-81.01505,853.5731,51.77846,Knife,100,0,222.7948,-99.21525,0,False,False,False,350.5078,358.9453
Uzzziii;D,Terrorist,-67.60472,846.0366,55.13104,Knife,100,0,208.7883,-135.5842,0,False,False,False,350.5078,358.9453
Uzzziii;D,Terrorist,-53.36404,835.7411,58.69121,Knife,100,0,206.0303,-141.6034,0,False,False,False,350.5078,358.9453
Uzzziii;D,Terrorist,-41.60067,828.7875,61.63205,Knife,100,0,220.8885,-117.0823,0,False,False,False,350.5078,358.9453
Uzzziii;D,Terrorist,-27.40917,822.2632,64.03125,Knife,100,0,231.0585,-95.45663,0,False,False,False,350.5078,358.9453
Uzzziii;D,Terrorist,-10.9121,816.2117,64.03125,Knife,100,0,234.4546,-85.53774,0,False,False,False,350.5078,358.9453
Uzzziii;D,Terrorist,1.412337,810.3803,64.65285,Knife,100,0,218.8106,-120.9211,0,False,False,False,350.5078,358.9453
Uzzziii;D,Terrorist,16.05062,800.6691,66.472,Knife,100,0,204.0741,-144.4082,0,False,False,False,350.5078,358.9453
Uzzziii;D,Terrorist,29.46111,792.6714,67.91938,Knife,100,0,221.3416,-116.2235,0,False,False,False,350.5078,358.9453
Uzzziii;D,Terrorist,40.56475,787.3735,68.78825,AK47,100,0,196.5077,-87.23376,0,False,False,False,346.6406,358.2422
Uzzziii;D,Terrorist,52.93336,782.1218,69.19331,AK47,100,0,197.8742,-84.08797,0,False,False,False,333.2813,356.8359
Uzzziii;D,Terrorist,66.07391,775.2822,69.48508,AK47,100,0,168.281,-116.4247,0,False,False,False,323.0859,356.8359
Uzzziii;D,Terrorist,74.26707,767.9111,69.64362,AK47,100,0,137.1585,-147.3772,0,False,False,False,323.0859,356.8359
Uzzziii;D,Terrorist,81.90635,757.7526,69.92785,AK47,100,0,116.6218,-170.2856,0,False,False,False,323.0859,356.8359
Uzzziii;D,Terrorist,91.10023,746.032,70.86691,AK47,100,0,140.0092,-163.1638,0,False,False,False,323.0859,356.8359
Uzzziii;D,Terrorist,100.2361,736.181,71.46957,AK47,100,0,150.3515,-153.6861,0,False,False,False,323.0859,356.8359
Uzzziii;D,Terrorist,109.9137,726.8606,72.30743,AK47,100,0,158.1386,-145.6612,0,False,False,False,324.8438,357.1875
Uzzziii;D,Terrorist,119.9992,717.9819,73.6189,AK47,100,0,163.4539,-139.6704,0,False,False,False,324.4922,357.8906
Uzzziii;D,Terrorist,130.3406,709.4022,75.25388,AK47,100,0,166.9375,-135.4875,0,False,False,False,325.1953,358.5938
Uzzziii;D,Terrorist,139.5507,702.0935,76.79797,AK47,100,0,169.4036,-132.3912,0,False,False,False,325.1953,358.5938
Uzzziii;D,Terrorist,150.2138,693.9168,78.53326,AK47,100,0,171.4833,-129.6861,0,False,False,False,325.5469,358.5938
Uzzziii;D,Terrorist,160.993,685.8934,80.03125,AK47,100,0,173.1786,-127.4134,0,False,False,False,325.8984,358.2422
Uzzziii;D,Terrorist,173.2317,677.02,80.03125,AK47,100,0,174.7109,-125.304,0,False,False,False,325.8984,358.2422
Uzzziii;D,Terrorist,182.815,670.2076,80.03125,AK47,100,0,175.5941,-124.0634,0,False,False,False,325.8984,358.2422
Uzzziii;D,Terrorist,195.1945,661.5316,80.03125,AK47,100,0,176.4054,-122.907,0,False,False,False,325.8984,358.5938
Uzzziii;D,Terrorist,204.856,654.8307,79.7132,AK47,100,0,176.8309,-122.294,0,False,False,False,325.8984,358.5938
Uzzziii;D,Terrorist,215.9194,647.204,80.00985,AK47,100,0,177.1369,-121.8505,0,False,False,False,325.8984,358.5938
Uzzziii;D,Terrorist,228.384,638.6505,80.03125,AK47,100,0,177.3696,-121.5114,0,False,False,False,325.8984,358.5938
Uzzziii;D,Terrorist,238.0876,632.0107,80.03125,AK47,100,0,177.4842,-121.344,0,False,False,False,325.8984,358.5938
Uzzziii;D,Terrorist,248.3501,624.9955,80.03125,AK47,100,0,99.79127,-68.24577,0,False,False,False,325.5469,358.2422
Uzzziii;D,Terrorist,253.3498,621.5759,80.03125,AK47,100,0,91.0025,-62.20903,0,False,False,False,325.5469,358.2422
Uzzziii;D,Terrorist,260.1608,616.921,80.03125,AK47,100,0,121.5904,-83.09817,0,False,False,False,325.5469,358.2422
Uzzziii;D,Terrorist,267.4615,611.9316,80.03125,AK47,100,0,141.6681,-96.80496,0,False,False,False,325.5469,358.2422
Uzzziii;D,Terrorist,276.9851,605.4393,80.03125,Knife,100,0,161.7477,-109.7425,0,False,False,False,326.9531,358.5938
Uzzziii;D,Terrorist,287.9424,598.18,80.03125,Knife,100,0,185.2271,-120.0008,0,False,False,False,330.4688,358.2422
Uzzziii;D,Terrorist,300.1783,590.4432,80.03125,Knife,100,0,203.1477,-126.5026,0,False,False,False,330.4688,358.5938
Uzzziii;D,Terrorist,303.0139,581.6476,80.03125,Knife,100,0,0,-114.7006,0,False,False,False,333.2813,358.5938
Uzzziii;D,Terrorist,303.0139,576.2485,80.03125,Knife,100,0,0,-87.77496,0,False,False,False,330.8203,359.2969
Uzzziii;D,Terrorist,303.0139,571.6192,80.03125,AK47,100,0,0,-64.06856,0,False,False,False,329.0625,359.2969
Uzzziii;D,Terrorist,303.0139,568.4058,80.03125,AK47,100,0,0,-41.56856,0,False,False,False,328.0078,359.2969
Uzzziii;D,Terrorist,301.1581,567.7503,80.03125,AK47,100,0,-48.92836,9.031257,0,False,False,False,328.3594,359.2969
Uzzziii;D,Terrorist,296.6098,569.4543,80.03125,AK47,100,0,-90.98529,39.94194,0,False,False,False,330.8203,359.6484
Uzzziii;D,Terrorist,289.6032,572.5773,80.03125,AK47,100,0,-127.9872,54.3791,0,False,False,False,345.2344,0
Uzzziii;D,Terrorist,280.5801,576.0461,80.03125,AK47,100,0,-92.33936,40.62804,0,False,False,False,354.375,359.2969
Uzzziii;D,Terrorist,278.1804,577.7296,80.03125,AK47,100,0,-9.322607,22.59802,0,False,False,False,354.375,359.2969
Uzzziii;D,Terrorist,279.9116,578.3364,80.03125,AK47,100,0,51.61031,3.4238,0,False,False,False,354.375,359.2969
Uzzziii;D,Terrorist,282.445,577.1412,80.03125,AK47,100,0,23.66915,-45.81396,0,False,False,False,354.375,359.2969
Uzzziii;D,Terrorist,283.3351,573.1721,80.03125,AK47,100,0,11.77796,-91.92114,0,False,False,False,355.0781,358.2422
Uzzziii;D,Terrorist,283.8446,565.2464,80.03125,AK47,100,0,5.306037,-110.8978,0,False,False,False,357.5391,357.8906
Uzzziii;D,Terrorist,284.1432,561.5012,80.03125,AK47,100,0,5.631365,-31.42688,0,False,False,False,357.8906,357.8906
Uzzziii;D,Terrorist,284.2979,561.5687,80.03125,AK47,100,0,0,0,0,False,False,False,358.2422,357.5391
Uzzziii;D,Terrorist,284.2979,561.5687,80.03125,AK47,100,0,0,0,0,False,False,False,358.2422,357.8906
Uzzziii;D,Terrorist,284.2979,561.5687,80.03125,AK47,100,0,0,0,0,False,False,False,358.2422,357.8906
Uzzziii;D,Terrorist,284.2979,561.5687,80.03125,AK47,100,0,0,0,0,False,False,False,358.2422,357.5391
Uzzziii;D,Terrorist,284.2979,561.5687,80.03125,AK47,100,0,0,0,0,False,False,False,358.2422,357.5391
Uzzziii;D,Terrorist,284.2979,561.5687,80.03125,AK47,100,0,0,0,0,False,False,False,357.8906,357.5391
Uzzziii;D,Terrorist,285.5106,561.5225,80.03125,AK47,100,0,42.34621,-1.558327,0,False,False,False,357.8906,358.2422
Uzzziii;D,Terrorist,290.0027,561.3698,80.03125,AK47,100,0,94.30496,-3.058287,0,False,False,False,358.5938,359.6484
Uzzziii;D,Terrorist,297.8057,561.1733,80.03125,Knife,100,0,146.2941,-2.935011,0,False,False,False,359.6484,1.757813
Uzzziii;D,Terrorist,309.8289,560.9929,80.03125,Knife,100,0,188.6066,-2.276855,0,False,False,False,359.6484,1.757813
Uzzziii;D,Terrorist,320.9282,560.8829,80.03125,Knife,100,0,212.7995,-1.831865,0,False,False,False,359.6484,1.757813
Uzzziii;D,Terrorist,334.9912,560.7824,80.03125,Knife,100,0,233.5765,-1.449707,0,False,False,False,359.6484,1.757813
Uzzziii;D,Terrorist,352.1047,560.6932,79.90708,Knife,100,0,249.9974,-1.138072,0,False,False,False,359.6484,1.40625
Uzzziii;D,Terrorist,365.7764,560.6364,79.83249,Knife,100,0,249.9981,-0.9861797,0,False,False,False,359.6484,1.40625
Uzzziii;D,Terrorist,381.4014,560.5776,79.74753,Knife,100,0,249.9984,-0.90856,0,False,False,False,359.6484,0.703125
Uzzziii;D,Terrorist,398.9796,560.5365,79.65311,Knife,100,0,249.9999,-0.1988273,0,False,False,False,0.703125,359.2969
Uzzziii;D,Terrorist,412.6514,560.5455,79.58157,Knife,100,0,249.9996,0.4139385,0,False,False,False,0.703125,359.2969
Uzzziii;D,Terrorist,428.2764,560.5907,79.63819,Knife,100,0,249.9982,0.9398062,0,False,False,False,0.703125,359.2969
Uzzziii;D,Terrorist,443.9012,560.6636,79.72178,Knife,100,0,249.9965,1.326969,0,False,False,False,0.703125,359.2969
Uzzziii;D,Terrorist,461.4668,560.7092,79.80574,Knife,100,0,248.4282,-6.107482,0,False,False,False,0.703125,359.2969
Uzzziii;D,Terrorist,474.7465,558.8663,79.84145,Knife,100,0,238.9944,-52.61337,0,False,False,False,0.703125,358.9453
Uzzziii;D,Terrorist,489.4607,554.2935,79.84145,Knife,100,0,237.0786,-77.23666,0,False,False,False,0.703125,358.9453
Uzzziii;D,Terrorist,504.5635,550.3104,79.84145,Knife,100,0,244.0661,-54.14536,0,False,False,False,0.703125,358.9453
Uzzziii;D,Terrorist,521.8723,547.267,79.87429,Knife,100,0,247.4476,-35.63268,0,False,False,False,0.703125,358.9453
Uzzziii;D,Terrorist,535.4476,545.6531,79.9127,Knife,100,0,248.716,-25.30525,0,False,False,False,1.054688,358.5938
Uzzziii;D,Terrorist,551.0219,544.4041,80.34502,Knife,100,0,249.47,-16.26951,0,False,False,False,1.40625,357.5391
Uzzziii;D,Terrorist,566.6265,543.6133,80.77031,Knife,100,0,249.7872,-10.31163,0,False,False,False,1.054688,358.2422
Uzzziii;D,Terrorist,584.1959,543.0626,81.24286,Knife,100,0,249.926,-6.083475,0,False,False,False,1.054688,358.2422
Uzzziii;D,Terrorist,597.8654,542.8069,81.65855,Knife,100,0,249.9724,-3.715586,0,False,False,False,1.054688,358.2422
Uzzziii;D,Terrorist,613.4205,542.2947,82.24111,Knife,100,0,245.6522,-24.0584,0,False,False,False,1.054688,358.2422
Uzzziii;D,Terrorist,630.3019,538.509,83.23764,Knife,100,0,236.2847,-74.90282,0,False,False,False,2.460938,358.2422
Uzzziii;D,Terrorist,645.317,534.2723,84.73233,Knife,100,0,243.4947,-56.65991,0,False,False,False,2.460938,358.2422
Uzzziii;D,Terrorist,658.7511,531.748,85.78822,Knife,100,0,246.9384,-39.00543,0,False,False,False,2.460938,358.2422
Uzzziii;D,Terrorist,674.2584,529.8511,86.80277,Knife,100,0,248.808,-24.38365,0,False,False,False,2.460938,357.8906
Uzzziii;D,Terrorist,691.7941,528.6584,87.65744,Knife,100,0,249.7518,-11.1371,0,False,False,False,4.570313,356.4844
Uzzziii;D,Terrorist,705.4543,528.2868,87.74347,Knife,100,0,249.0502,-9.868812,0,False,False,False,5.625,356.1328
Uzzziii;D,Terrorist,720.7886,525.994,88.18811,Knife,100,0,242.7518,-53.26254,0,False,False,False,5.625,356.1328
Uzzziii;D,Terrorist,736.0342,522.6497,87.29479,Knife,100,0,246.2287,-43.25978,0,False,False,False,5.625,356.1328
Uzzziii;D,Terrorist,750.1648,520.7718,86.92702,AK47,100,0,213.965,-21.07104,0,False,False,False,7.382813,356.8359
Uzzziii;D,Terrorist,763.5794,520.0471,86.90796,AK47,100,0,214.9505,-4.614526,0,False,False,False,9.84375,356.8359
Uzzziii;D,Terrorist,778.6541,519.3257,86.87035,AK47,100,0,213.2244,-26.94352,0,False,False,False,9.492188,356.8359
Uzzziii;D,Terrorist,790.1653,516.968,86.99422,AK47,100,0,208.0995,-54.03313,0,False,False,False,9.492188,356.8359
Uzzziii;D,Terrorist,803.0853,513.2876,87.20129,AK47,100,0,209.0287,-50.31879,0,False,False,False,9.492188,356.8359
Uzzziii;D,Terrorist,816.3307,511.069,87.0975,AK47,100,0,213.5271,-25.12315,0,False,False,False,9.492188,356.8359
Uzzziii;D,Terrorist,829.7343,510.1683,86.19677,AK47,100,0,214.8868,-6.976665,0,False,False,False,9.492188,356.8359
Uzzziii;D,Terrorist,843.1386,509.4561,86.21751,AK47,100,0,213.5001,-25.35174,0,False,False,False,11.95313,356.4844
Uzzziii;D,Terrorist,856.3154,506.8658,86.93062,AK47,100,0,208.5499,-52.26819,0,False,False,False,13.71094,356.4844
Uzzziii;D,Terrorist,869.1589,502.9284,87.5233,AK47,100,0,203.159,-70.36646,0,False,False,False,14.0625,356.4844
Uzzziii;D,Terrorist,883.767,499.1427,88.11666,AK47,100,0,211.8087,-36.90631,0,False,False,False,14.0625,356.4844
Uzzziii;D,Terrorist,895.4523,497.8918,88.39191,AK47,100,0,214.5968,-13.1609,0,False,False,False,14.76563,356.4844
Uzzziii;D,Terrorist,908.8846,497.8321,88.60621,AK47,100,0,214.8587,7.794145,0,False,False,False,16.17188,356.4844
Uzzziii;D,Terrorist,923.9574,496.9056,88.91035,AK47,100,0,213.2453,-27.41264,0,False,False,False,18.98438,356.1328
Uzzziii;D,Terrorist,935.5294,494.8406,89.24413,AK47,100,0,210.3233,-44.59962,0,False,False,False,20.39063,356.4844
Uzzziii;D,Terrorist,948.6198,491.8587,90.09251,AK47,100,0,211.0921,-38.48515,0,False,False,False,20.39063,356.4844
Uzzziii;D,Terrorist,963.668,490.6602,91.79359,AK47,100,0,214.9928,-1.759798,0,False,False,False,20.39063,356.4844
Uzzziii;D,Terrorist,977.0783,491.4082,93.17501,AK47,100,0,213.9047,21.67459,0,False,False,False,21.09375,356.1328
Uzzziii;D,Terrorist,988.7643,492.6773,94.33308,AK47,100,0,214.528,14.23854,0,False,False,False,23.90625,356.1328
Uzzziii;D,Terrorist,1003.868,492.4286,95.9697,AK47,100,0,214.3972,-16.08903,0,False,False,False,23.90625,356.1328
Uzzziii;D,Terrorist,1015.536,491.0046,97.32538,AK47,100,0,212.4892,-32.76218,0,False,False,False,23.90625,356.1328
Uzzziii;D,Terrorist,1028.907,489.8705,98.77039,AK47,100,0,214.9824,-2.753114,0,False,False,False,23.90625,356.1328
Uzzziii;D,Terrorist,1042.322,490.5759,99.88484,AK47,100,0,214.6016,13.08291,0,False,False,False,23.90625,356.1328
Uzzziii;D,Terrorist,1057.424,490.2592,100.9753,AK47,100,0,214.3348,-16.90008,0,False,False,False,23.90625,356.1328
Uzzziii;D,Terrorist,1070.745,488.526,101.991,AK47,100,0,212.1241,-35.04789,0,False,False,False,24.60938,356.1328
Uzzziii;D,Terrorist,1082.304,486.4349,102.8941,AK47,100,0,211.861,-31.55166,0,False,False,False,25.66406,356.1328
Uzzziii;D,Terrorist,1097.355,485.8641,104.0031,AK47,100,0,214.9337,5.337186,0,False,False,False,26.36719,356.1328
Uzzziii;D,Terrorist,1109.106,485.5716,104.8804,AK47,100,0,214.6873,-11.59134,0,False,False,False,32.34375,355.7813
Uzzziii;D,Terrorist,1122.51,484.6273,106.2106,AK47,100,0,214.369,-16.46024,0,False,False,False,38.67188,356.1328
Uzzziii;D,Terrorist,1137.576,483.3883,107.8061,AK47,100,0,214.2072,-18.44604,0,False,False,False,38.67188,356.1328
Uzzziii;D,Terrorist,1149.288,482.3432,109.0569,AK47,100,0,214.1104,-19.53782,0,False,False,False,39.02344,356.1328
Uzzziii;D,Terrorist,1162.672,481.1513,110.4861,AK47,100,0,214.2543,-17.89134,0,False,False,False,43.59375,356.8359
Uzzziii;D,Terrorist,1177.765,480.3377,112.0289,AK47,100,0,214.9527,-4.508291,0,False,False,False,55.89844,357.1875
Uzzziii;D,Terrorist,1189.517,480.5784,113.117,AK47,100,0,214.7162,11.04244,0,False,False,False,60.46875,357.5391
Uzzziii;D,Terrorist,1202.897,481.7973,113.9082,AK47,100,0,213.5013,25.34175,0,False,False,False,60.82031,357.5391
Uzzziii;D,Terrorist,1217.919,482.9804,114.1663,AK47,100,0,214.655,-0.7425221,0,False,False,False,62.92969,357.5391
Uzzziii;D,Terrorist,1229.641,482.1439,114.6488,AK47,100,0,213.6066,-24.43805,0,False,False,False,67.5,357.5391
Uzzziii;D,Terrorist,1244.563,479.74,115.4768,AK47,100,0,211.1795,-40.35117,0,False,False,False,71.36719,356.8359
Uzzziii;D,Terrorist,1256.06,477.2782,116.2122,AK47,100,0,209.5278,-48.19834,0,False,False,False,71.01563,356.8359
Uzzziii;D,Terrorist,1269.136,474.3451,117.0698,AK47,100,0,210.344,-34.77084,0,False,False,False,71.01563,356.8359
Uzzziii;D,Terrorist,1280.876,474.7921,117.3217,AK47,100,0,162.5434,36.0316,0,False,False,False,70.66406,357.1875
Uzzziii;D,Terrorist,1289.098,479.6123,116.5519,AK47,100,0,84.8266,91.91561,0,False,False,False,68.55469,356.8359
Uzzziii;D,Terrorist,1292.227,485.5794,115.5988,AK47,100,0,32.07794,114.6033,0,False,False,False,67.5,356.8359
Uzzziii;D,Terrorist,1291.681,492.564,115.2578,AK47,100,0,-37.3916,109.7758,0,False,False,False,67.5,356.8359
Uzzziii;D,Terrorist,1287.469,499.3048,114.9769,AK47,100,0,-88.40138,106.5973,0,False,False,False,66.79688,356.8359
Uzzziii;D,Terrorist,1280.966,505.727,114.7093,AK47,100,0,-100.8282,93.94625,0,False,False,False,66.44531,356.8359
Uzzziii;D,Terrorist,1276.409,510.6151,114.3988,AK47,100,0,-24.2239,45.15426,0,False,False,False,65.74219,356.4844
Uzzziii;D,Terrorist,1275.375,512.5424,114.2877,AK47,100,0,-14.91686,27.80559,0,False,False,False,66.09375,356.8359
Uzzziii;D,Terrorist,1274.793,513.6261,114.2252,AK47,100,0,-2.95066,5.500144,0,False,False,False,66.09375,356.8359
Uzzziii;D,Terrorist,1274.81,513.717,114.222,AK47,100,0,3.792882,8.607647,0,False,False,False,66.09375,357.1875
Uzzziii;D,Terrorist,1276.019,516.4404,114.2015,AK47,100,0,28.05592,62.76408,0,False,False,False,65.39063,357.5391
Uzzziii;D,Terrorist,1278.128,521.1224,114.9431,AK47,100,0,45.83237,101.4316,0,False,False,False,65.39063,357.5391
Uzzziii;D,Terrorist,1282.047,529.7688,116.2042,AK47,100,0,62.80629,138.3263,0,False,False,False,65.39063,357.5391
Uzzziii;D,Terrorist,1285.797,538.0179,117.3117,AK47,100,0,72.51139,159.4213,0,False,False,False,65.39063,357.5391
Uzzziii;D,Terrorist,1290.66,548.627,118.7361,AK47,100,0,84.21318,174.9161,0,False,False,False,65.39063,357.5391
Uzzziii;D,Terrorist,1297.381,558.7191,120.091,AK47,100,0,123.8957,152.0515,0,False,False,False,65.74219,357.5391
Uzzziii;D,Terrorist,1305.637,568.202,121.3061,AK47,100,0,129.869,159.9147,0,False,False,False,66.09375,357.5391
Uzzziii;D,Terrorist,1314.412,580.2542,122.6808,AK47,100,0,120.2452,178.2304,0,False,False,False,66.09375,357.5391
Uzzziii;D,Terrorist,1320.087,590.3401,123.6331,AK47,100,0,83.86703,189.9278,0,False,False,False,66.09375,357.5391
Uzzziii;D,Terrorist,1323.641,602.636,124.9764,AK47,100,0,37.90018,201.5101,0,False,False,False,66.09375,357.5391
Uzzziii;D,Terrorist,1324.771,617.1915,125.9133,AK47,100,0,0.4932392,210.9356,0,False,False,False,66.09375,357.5391
Uzzziii;D,Terrorist,1324.107,628.8691,126.7016,AK47,100,0,-20.68591,214.0025,0,False,False,False,66.09375,357.5391
Uzzziii;D,Terrorist,1322.974,642.2499,127.8922,AK47,100,0,-4.731967,214.9479,0,False,False,False,65.03906,357.1875
Uzzziii;D,Terrorist,1323.75,655.6563,128.9311,AK47,100,0,19.29691,214.1323,0,False,False,False,61.52344,357.5391
Uzzziii;D,Terrorist,1324.07,669.0834,130.04,AK47,100,0,-4.710509,214.9484,0,False,False,False,61.52344,357.5391
Uzzziii;D,Terrorist,1322.964,684.1555,131.5047,AK47,100,0,-23.45555,213.7167,0,False,False,False,61.52344,357.5391
Uzzziii;D,Terrorist,1322.431,695.8712,132.5943,AK47,100,0,4.885865,214.7622,0,False,False,False,59.76563,357.1875
Uzzziii;D,Terrorist,1324.31,710.853,133.6301,AK47,100,0,37.58321,211.6897,0,False,False,False,53.4375,357.1875
Uzzziii;D,Terrorist,1325.773,722.5161,134.4798,AK47,100,0,19.38277,214.1245,0,False,False,False,53.4375,357.1875
Uzzziii;D,Terrorist,1326.745,735.9094,135.5616,AK47,100,0,24.4823,213.3526,0,False,False,False,53.4375,357.1875
Uzzziii;D,Terrorist,1329.468,749.0547,136.3582,AK47,100,0,56.74006,207.3778,0,False,False,False,53.4375,357.1875
Uzzziii;D,Terrorist,1333.844,761.7533,136.8659,AK47,100,0,79.10155,199.9198,0,False,False,False,53.4375,357.5391
Uzzziii;D,Terrorist,1339.359,774.0028,137.849,AK47,100,0,94.56089,193.0887,0,False,False,False,53.08593,357.8906
Uzzziii;D,Terrorist,1346.139,785.2985,138.6426,AK47,100,0,124.9924,163.8458,0,False,False,False,53.08593,357.8906
Uzzziii;D,Terrorist,1354.976,794.582,138.982,AK47,100,0,146.861,147.9688,0,False,False,False,53.08593,357.8906
Uzzziii;D,Terrorist,1364.139,804.286,139.4129,AK47,100,0,145.0067,158.739,0,False,False,False,53.08593,357.8906
Uzzziii;D,Terrorist,1372.41,816.5197,140.316,AK47,100,0,96.58392,184.9933,0,False,False,False,49.92188,358.2422
Uzzziii;D,Terrorist,1376.842,827.1343,141.6684,AK47,100,0,70.75773,200.3605,0,False,False,False,47.46093,358.2422
Uzzziii;D,Terrorist,1380.453,840.0488,143.351,AK47,100,0,48.29624,209.5053,0,False,False,False,47.46093,358.2422
Uzzziii;D,Terrorist,1383.082,854.9309,145.3218,AK47,100,0,29.69372,212.9396,0,False,False,False,47.46093,358.2422
Uzzziii;D,Terrorist,1384.372,866.6167,146.8855,AK47,100,0,19.52562,214.1115,0,False,False,False,46.75781,358.2422
Uzzziii;D,Terrorist,1385.4,880.0146,147.4332,AK47,100,0,15.46096,214.4434,0,False,False,False,41.13281,358.2422
Uzzziii;D,Terrorist,1386.37,893.4171,148.1433,AK47,100,0,15.56311,214.436,0,False,False,False,40.78125,357.8906
Uzzziii;D,Terrorist,1388.074,906.6074,148.9065,AK47,100,0,45.9331,205.6218,0,False,False,False,40.78125,357.8906
Uzzziii;D,Terrorist,1392.445,918.7315,149.2044,AK47,100,0,90.48858,174.421,0,False,False,False,40.07813,358.2422
Uzzziii;D,Terrorist,1399.643,927.7398,148.7705,AK47,100,0,132.4925,122.8684,0,False,False,False,40.07813,358.2422
Uzzziii;D,Terrorist,1408.96,934.3384,147.8433,AK47,100,0,157.1294,104.7174,0,False,False,False,40.07813,358.2422
Uzzziii;D,Terrorist,1419.116,941.4344,146.8296,AK47,100,0,166.2538,119.7264,0,False,False,False,40.07813,358.2422
Uzzziii;D,Terrorist,1431.077,950.3268,147.7433,AK47,100,0,171.2683,129.9699,0,False,False,False,40.07813,358.2422
Uzzziii;D,Terrorist,1439.303,958.348,148.4991,AK47,100,0,136.2295,158.1147,0,False,False,False,39.375,358.5938
Uzzziii;D,Terrorist,1446.863,969.0964,149.3532,AK47,100,0,112.6377,181.2376,0,False,False,False,27.77344,359.6484
Uzzziii;D,Terrorist,1453.697,980.6551,149.9924,AK47,100,0,104.4904,187.0363,0,False,False,False,9.140625,0.703125
Uzzziii;D,Terrorist,1459.462,994.5454,150.2566,AK47,100,0,65.91468,204.6467,0,False,False,False,6.328125,0.703125
Uzzziii;D,Terrorist,1463.257,1005.669,150.8925,AK47,100,0,77.93494,200.3775,0,False,False,False,6.328125,0.703125
Uzzziii;D,Terrorist,1468.798,1017.906,151.854,AK47,100,0,96.24194,192.2563,0,False,False,False,4.921875,0.703125
Uzzziii;D,Terrorist,1476.191,1031.088,153.1372,AK47,100,0,111.419,183.8771,0,False,False,False,4.21875,0.3515625
Uzzziii;D,Terrorist,1483.341,1039.878,154.4092,AK47,100,0,143.9986,144.8779,0,False,False,False,3.867188,0.3515625
Uzzziii;D,Terrorist,1494.735,1048.544,154.5659,AK47,100,0,174.9146,107.829,0,False,False,False,3.867188,0.3515625
Uzzziii;D,Terrorist,1504.874,1053.754,154.1729,AK47,100,0,192.5931,86.61988,0,False,False,False,3.867188,0.3515625
Uzzziii;D,Terrorist,1519.001,1058.983,153.9264,AK47,100,0,204.9145,65.07717,0,False,False,False,4.21875,0
Uzzziii;D,Terrorist,1530.302,1062.227,153.4823,AK47,100,0,207.2441,57.22658,0,False,False,False,14.76563,359.6484
Uzzziii;D,Terrorist,1543.497,1064.453,153.1518,AK47,100,0,213.5632,24.81449,0,False,False,False,39.72656,359.6484
Uzzziii;D,Terrorist,1556.876,1065.694,152.8305,AK47,100,0,214.3297,16.96364,0,False,False,False,45,359.6484
Uzzziii;D,Terrorist,1571.962,1066.668,152.2616,AK47,100,0,214.6827,11.67591,0,False,False,False,45,359.6484
Uzzziii;D,Terrorist,1585.385,1067.278,151.7936,AK47,100,0,214.8349,8.423587,0,False,False,False,45,359.6484
Uzzziii;D,Terrorist,1598.816,1067.718,151.3505,AK47,100,0,214.9141,6.076252,0,False,False,False,45,359.6484
Uzzziii;D,Terrorist,1610.57,1068.018,150.9754,AK47,100,0,214.9256,5.653906,0,False,False,False,48.16407,359.6484
Uzzziii;D,Terrorist,1623.995,1068.578,150.5148,AK47,100,0,214.6209,12.76166,0,False,False,False,55.89844,358.2422
Uzzziii;D,Terrorist,1637.385,1069.699,149.9717,AK47,100,0,213.923,21.49288,0,False,False,False,56.25,358.2422
Uzzziii;D,Terrorist,1652.396,1071.477,149.2855,AK47,100,0,213.1799,27.91658,0,False,False,False,56.25,358.2422
Uzzziii;D,Terrorist,1664.038,1073.12,148.7971,AK47,100,0,212.6484,31.71199,0,False,False,False,58.00781,358.2422
Uzzziii;D,Terrorist,1677.266,1075.474,148.2504,AK47,100,0,210.4971,43.77154,0,False,False,False,68.90625,358.2422
Uzzziii;D,Terrorist,1690.294,1078.756,147.6404,AK47,100,0,206.849,58.6386,0,False,False,False,70.66406,358.2422
Uzzziii;D,Terrorist,1704.693,1083.354,147.1576,AK47,100,0,203.2491,70.10552,0,False,False,False,70.66406,358.2422
Uzzziii;D,Terrorist,1715.733,1087.398,146.8346,AK47,100,0,200.792,76.86072,0,False,False,False,72.42188,358.2422
Uzzziii;D,Terrorist,1728.155,1092.521,146.4981,AK47,100,0,197.0575,85.98455,0,False,False,False,75.58594,358.2422
Uzzziii;D,Terrorist,1739.357,1099.143,146.1085,AK47,100,0,157.7675,122.6612,0,False,False,False,75.9375,358.2422
Uzzziii;D,Terrorist,1747.031,1108.876,145.6183,AK47,100,0,74.47224,149.6757,0,False,False,False,75.9375,358.2422
Uzzziii;D,Terrorist,1749.559,1117.563,145.7008,AK47,100,0,26.84702,165.1217,0,False,False,False,75.9375,358.2422
Uzzziii;D,Terrorist,1749.735,1128.37,146.7123,AK47,100,0,-14.03619,178.3971,0,False,False,False,75.58594,358.2422
Uzzziii;D,Terrorist,1747.933,1141.438,147.9543,AK47,100,0,-19.85804,193.1022,0,False,False,False,74.88281,358.5938
Uzzziii;D,Terrorist,1747.947,1153.649,149.0984,AK47,100,0,24.21823,189.33,0,False,False,False,74.53125,358.5938
Uzzziii;D,Terrorist,1750.746,1163.508,149.782,AK47,100,0,69.66469,174.0862,0,False,False,False,74.88281,358.9453
Uzzziii;D,Terrorist,1756.532,1173.908,150.8932,AK47,100,0,108.6747,161.029,0,False,False,False,74.88281,358.9453
Uzzziii;D,Terrorist,1764.371,1183.634,152.2022,AK47,100,0,137.0317,152.0565,0,False,False,False,76.28906,358.9453
Uzzziii;D,Terrorist,1773.597,1193.019,153.4292,AK47,100,0,149.9769,152.4046,0,False,False,False,79.45313,359.2969
Uzzziii;D,Terrorist,1781.963,1203.453,154.6957,AK47,100,0,122.3269,176.8081,0,False,False,False,79.45313,359.2969
Uzzziii;D,Terrorist,1789.538,1216.522,156.3094,AK47,100,0,97.15948,191.7943,0,False,False,False,79.45313,359.2969
Uzzziii;D,Terrorist,1794.134,1227.244,157.6484,AK47,100,0,65.89924,198.4129,0,False,False,False,79.45313,359.2969
Uzzziii;D,Terrorist,1796.309,1241.312,160.0313,AK47,100,0,6.464494,201.5631,0,False,False,False,76.99219,359.2969
Uzzziii;D,Terrorist,1795.633,1252.439,160.0313,AK47,100,0,-24.85645,205.0222,0,False,False,False,74.17969,359.6484
Uzzziii;D,Terrorist,1793.155,1265.398,160.0313,AK47,100,0,-49.98193,209.0051,0,False,False,False,73.47656,359.6484
Uzzziii;D,Terrorist,1791.101,1280.358,160.0313,AK47,100,0,-14.3785,214.5187,0,False,False,False,73.47656,359.6484
Uzzziii;D,Terrorist,1790.968,1292.111,160.0313,AK47,100,0,5.685942,214.9248,0,False,False,False,73.47656,359.6484
Uzzziii;D,Terrorist,1791.149,1305.538,160.0313,AK47,100,0,-10.43444,214.7466,0,False,False,False,73.47656,359.6484
Uzzziii;D,Terrorist,1789.489,1318.865,160.0313,AK47,100,0,-37.30873,211.7382,0,False,False,False,71.71875,359.6484
Uzzziii;D,Terrorist,1787.567,1332.153,160.0313,AK47,100,0,-17.24023,214.3076,0,False,False,False,71.36719,359.6484
Uzzziii;D,Terrorist,1787.446,1345.582,160.0313,AK47,100,0,8.869986,214.817,0,False,False,False,70.66406,359.6484
Uzzziii;D,Terrorist,1788.534,1358.973,160.0313,AK47,100,0,13.88703,214.551,0,False,False,False,70.66406,359.6484
Uzzziii;D,Terrorist,1788.235,1372.396,160.0313,AK47,100,0,-17.54763,214.2827,0,False,False,False,69.25781,0.3515625
Uzzziii;D,Terrorist,1787.493,1385.802,160.0313,AK47,100,0,1.767996,214.9927,0,False,False,False,65.74219,0.703125
Uzzziii;D,Terrorist,1788.6,1399.186,160.0313,AK47,100,0,28.76004,213.0677,0,False,False,False,65.03906,0.703125
Uzzziii;D,Terrorist,1789.668,1412.569,160.0313,AK47,100,0,3.752145,214.9673,0,False,False,False,65.03906,0.703125
Uzzziii;D,Terrorist,1788.871,1427.656,160.0313,AK47,100,0,-21.94544,213.8771,0,False,False,False,65.03906,0.703125
Uzzziii;D,Terrorist,1787.219,1439.296,160.0313,AK47,100,0,-35.44442,212.0582,0,False,False,False,63.28125,1.054688
Uzzziii;D,Terrorist,1784.821,1452.517,160.0313,AK47,100,0,-38.48476,211.5276,0,False,False,False,52.73437,1.757813
Uzzziii;D,Terrorist,1782.616,1465.772,160.0313,AK47,100,0,-32.74778,212.4914,0,False,False,False,49.57031,2.109375
Uzzziii;D,Terrorist,1780.731,1479.076,160.0313,AK47,100,0,-28.39185,213.1171,0,False,False,False,49.57031,2.109375
Uzzziii;D,Terrorist,1778.876,1494.079,160.0313,AK47,100,0,-24.91956,213.551,0,False,False,False,49.21875,2.460938
Uzzziii;D,Terrorist,1777.533,1507.448,160.0313,AK47,100,0,-17.72131,214.2684,0,False,False,False,42.1875,2.109375
Uzzziii;D,Terrorist,1776.872,1519.187,160.0313,AK47,100,0,-7.884223,214.8554,0,False,False,False,39.02344,2.109375
Uzzziii;D,Terrorist,1776.892,1534.248,160.0313,AK47,100,0,15.19858,210.4089,0,False,False,False,37.26563,1.757813
Uzzziii;D,Terrorist,1779.15,1545.28,160.0313,AK47,100,0,59.37885,195.4657,0,False,False,False,34.80469,2.109375
Uzzziii;D,Terrorist,1784.668,1555.144,160.0313,AK47,100,0,108.5455,131.0865,0,False,False,False,33.04688,2.109375
Uzzziii;D,Terrorist,1793.875,1562.496,160.0313,AK47,100,0,144.5791,98.2038,0,False,False,False,33.04688,2.109375
Uzzziii;D,Terrorist,1802.075,1568.32,160.0313,AK47,100,0,145.5,117.9818,0,False,False,False,33.04688,2.460938
Uzzziii;D,Terrorist,1811.246,1578.125,160.0313,AK47,100,0,120.8649,154.4341,0,False,False,False,27.77344,2.460938
Uzzziii;D,Terrorist,1817.662,1587.158,160.0313,AK47,100,0,116.608,171.7883,0,False,False,False,15.46875,1.757813
Uzzziii;D,Terrorist,1825.091,1598.225,160.0313,AK47,100,0,119.5297,178.7111,0,False,False,False,11.95313,1.40625
Uzzziii;D,Terrorist,1832.544,1609.406,160.0313,AK47,100,0,119.0586,179.0253,0,False,False,False,11.95313,1.40625
Uzzziii;D,Terrorist,1840.9,1622.004,160.0313,AK47,100,0,118.6994,179.2636,0,False,False,False,11.60156,1.40625
Uzzziii;D,Terrorist,1848.129,1631.049,160.0313,AK47,100,0,144.8463,152.3142,0,False,False,False,10.89844,1.40625
Uzzziii;D,Terrorist,1858.156,1639.589,160.0313,AK47,100,0,171.2151,126.3666,0,False,False,False,14.0625,2.460938
Uzzziii;D,Terrorist,1869.441,1646.55,160.0313,AK47,100,0,185.8789,89.52971,0,False,False,False,16.52344,2.8125
Uzzziii;D,Terrorist,1882.069,1649.653,160.0313,AK47,100,0,165.623,4.004925,0,False,False,False,16.875,2.8125
Uzzziii;D,Terrorist,1890.417,1648.012,160.0313,AK47,100,0,143.7332,-53.31323,0,False,False,False,16.875,2.8125
Uzzziii;D,Terrorist,1897.309,1647.519,160.0313,AK47,100,0,86.80106,24.00185,0,False,False,False,16.875,2.8125
Uzzziii;D,Terrorist,1901.318,1650.698,160.0313,AK47,100,0,52.69057,54.92545,0,False,False,False,17.22656,2.8125
Uzzziii;D,Terrorist,1904.062,1653.559,160.0313,AK47,100,0,37.08556,38.65853,0,False,False,False,17.22656,2.8125
Uzzziii;D,Terrorist,1905.832,1655.404,160.0313,AK47,100,0,21.50941,22.42172,0,False,False,False,17.22656,3.164063
Uzzziii;D,Terrorist,1906.66,1656.267,160.0313,AK47,100,0,3.986249,4.155323,0,False,False,False,16.875,3.164063
Uzzziii;D,Terrorist,1906.676,1656.284,160.0313,AK47,100,0,0,0,0,False,False,False,17.22656,3.164063
Uzzziii;D,Terrorist,1906.676,1656.284,160.0313,AK47,100,0,0,0,0,False,False,False,17.22656,3.164063
Uzzziii;D,Terrorist,1906.676,1656.284,160.0313,AK47,100,0,0,0,0,False,False,False,17.22656,3.164063
Uzzziii;D,Terrorist,1906.676,1656.284,160.0313,AK47,100,0,0,0,0,False,False,False,17.22656,3.164063
Uzzziii;D,Terrorist,1906.676,1656.284,160.0313,AK47,100,0,0,0,0,False,False,False,17.22656,3.164063
Uzzziii;D,Terrorist,1906.852,1656.191,160.0313,AK47,100,0,14.14181,-7.483914,0,False,False,False,17.22656,3.164063
Uzzziii;D,Terrorist,1909.384,1654.874,160.0313,AK47,100,0,61.12999,-31.45516,0,False,False,False,18.28125,2.8125
Uzzziii;D,Terrorist,1915.665,1651.715,160.0313,Knife,100,0,111.7437,-55.03334,0,False,False,False,20.74219,3.164063
Uzzziii;D,Terrorist,1924.168,1647.938,160.0313,Knife,100,0,152.8547,-51.84641,0,False,False,False,26.71875,3.515625
Uzzziii;D,Terrorist,1933.258,1646.652,160.0313,Knife,100,0,174.2863,-2.396234,0,False,False,False,37.26563,3.515625
Uzzziii;D,Terrorist,1944.65,1648.311,160.0313,Knife,100,0,187.6976,47.06134,0,False,False,False,39.72656,3.515625
Uzzziii;D,Terrorist,1956.736,1652.6,160.0313,Knife,100,0,197.353,83.76381,0,False,False,False,39.72656,3.515625
Uzzziii;D,Terrorist,1970.935,1659.715,160.0313,Knife,100,0,205.2103,113.6316,0,False,False,False,39.72656,3.515625
Uzzziii;D,Terrorist,1982.302,1663.708,160.1898,Knife,100,0,209.6723,0.2255751,0,False,False,False,39.72656,3.515625
Uzzziii;D,Terrorist,1995.595,1664.163,162.3418,Knife,100,0,214.8126,18.79655,292.6184,False,False,False,34.80469,3.164063
Uzzziii;D,Terrorist,2009.021,1665.338,179.0679,Knife,100,0,214.8126,18.79655,242.6184,False,False,False,35.85938,5.625
Uzzziii;D,Terrorist,2021.448,1667.677,192.6691,Knife,100,0,171.3647,68.40919,192.6184,False,False,False,42.89063,10.19531
Uzzziii;D,Terrorist,2030.051,1675.866,204.2351,Knife,100,0,88.79913,147.4933,136.3684,False,False,False,48.86719,13.71094
Uzzziii;D,Terrorist,2034.773,1684.046,210.4965,Knife,100,0,86.05656,149.8148,92.61838,False,False,False,50.27344,15.82031
Uzzziii;D,Terrorist,2040.667,1692.95,214.7227,Knife,100,0,104.9229,132.7395,42.61838,False,False,False,46.40625,16.52344
Uzzziii;D,Terrorist,2048.636,1701.71,215.7419,Knife,100,0,105.1125,133.9292,-13.63162,False,False,False,41.83594,16.52344
Uzzziii;D,Terrorist,2054.385,1709.034,213.8001,Knife,100,0,105.1125,133.9292,-57.38162,False,False,False,40.78125,16.17188
Uzzziii;D,Terrorist,2060.955,1717.404,208.6513,Knife,100,0,105.1125,133.9292,-107.3816,False,False,False,39.02344,15.46875
Uzzziii;D,Terrorist,2067.525,1725.774,200.3775,Knife,100,0,105.1125,133.9292,-157.3816,False,False,False,32.34375,13.35938
Uzzziii;D,Terrorist,2076.378,1735.242,198.0313,Knife,100,0,145.4832,134.2414,0,False,False,False,25.66406,11.25
Uzzziii;D,Terrorist,2085.236,1742.506,198.0313,Knife,100,0,173.3022,131.8401,0,False,False,False,24.96094,11.25
Uzzziii;D,Terrorist,2096.281,1750.728,196.6641,Knife,100,0,176.7055,131.541,-46.875,False,False,False,24.60938,10.89844
Uzzziii;D,Terrorist,2107.326,1758.949,192.1719,Knife,100,0,176.7055,131.541,-96.875,False,False,False,23.20313,9.84375
Uzzziii;D,Terrorist,2118.371,1767.171,184.5547,AK47,100,0,176.7055,131.541,-146.875,False,False,False,25.3125,9.492188
Uzzziii;D,Terrorist,2129.416,1775.393,173.8125,AK47,100,0,176.7055,131.541,-196.875,False,False,False,40.42969,8.789063
Uzzziii;D,Terrorist,2140.461,1783.615,159.9453,AK47,100,0,176.7055,131.541,-246.875,False,False,False,60.46875,4.570313
Uzzziii;D,Terrorist,2151.506,1791.836,142.9531,AK47,100,0,176.7055,131.541,-296.875,False,False,False,65.39063,1.054688
Uzzziii;D,Terrorist,2161.423,1798.819,128.8945,AK47,100,0,132.3786,71.7291,0,False,False,False,65.39063,1.054688
Uzzziii;D,Terrorist,2170.672,1802.295,128.1415,AK47,100,0,159.1288,56.16679,0,False,False,False,65.39063,1.054688
Uzzziii;D,Terrorist,2181.085,1806.011,127.3084,AK47,100,0,172.5296,62.02017,0,False,False,False,65.39063,1.054688
Uzzziii;D,Terrorist,2192.007,1810.495,126.3912,AK47,100,0,168.5445,88.15306,0,False,False,False,66.79688,1.054688
Uzzziii;D,Terrorist,2201.711,1817.439,126.0313,AK47,100,0,143.7492,127.9004,0,False,False,False,78.39844,359.6484
Uzzziii;D,Terrorist,2210.774,1826.004,126.2536,AK47,100,0,150.8151,140.3829,0,False,False,False,85.42969,0
Uzzziii;D,Terrorist,2220.562,1834.97,126.5857,AK47,100,0,159.2798,144.4124,0,False,False,False,85.42969,0
Uzzziii;D,Terrorist,2230.561,1843.947,126.9182,AK47,100,0,160.4733,143.085,0,False,False,False,85.42969,0
Uzzziii;D,Terrorist,2241.883,1853.964,127.2436,AK47,100,0,161.3795,142.0621,0,False,False,False,85.78125,0
Uzzziii;D,Terrorist,2250.652,1861.795,127.3828,AK47,100,0,158.5641,145.1979,0,False,False,False,94.92187,0
Uzzziii;D,Terrorist,2261.294,1872.524,127.5858,AK47,100,0,144.6745,159.0418,0,False,False,False,105.8203,0.703125
Uzzziii;D,Terrorist,2269.912,1880.508,128.0321,AK47,100,0,165.9693,136.6719,0,False,False,False,105.8203,0.703125
Uzzziii;D,Terrorist,2280.862,1888.284,128.1257,AK47,100,0,181.2551,115.6356,0,False,False,False,105.8203,0.703125
Uzzziii;D,Terrorist,2292.54,1894.924,128.0065,AK47,100,0,190.5238,99.62775,0,False,False,False,105.8203,0.703125
Uzzziii;D,Terrorist,2305.304,1902.972,127.9287,AK47,100,0,171.8681,129.1757,0,False,False,False,106.1719,0.703125
Uzzziii;D,Terrorist,2315.405,1911.821,127.4464,AK47,100,0,153.9429,150.0886,0,False,False,False,107.5781,0.3515625
Uzzziii;D,Terrorist,2324.431,1921.767,126.8435,AK47,100,0,136.8507,165.8219,0,False,False,False,112.5,0
Uzzziii;D,Terrorist,2332.329,1932.631,126.3403,AK47,100,0,118.3219,179.513,0,False,False,False,117.0703,359.6484
Uzzziii;D,Terrorist,2339.274,1942.106,125.8782,AK47,100,0,136.8784,165.799,0,False,False,False,117.0703,359.6484
Uzzziii;D,Terrorist,2349.762,1952.979,125.1283,AK47,100,0,157.4505,146.4048,0,False,False,False,117.0703,359.6484
Uzzziii;D,Terrorist,2357.951,1961.403,124.5418,AK47,100,0,140.4256,162.8056,0,False,False,False,119.1797,359.6484
Uzzziii;D,Terrorist,2365.851,1972.259,124.5591,AK47,100,0,115.3369,181.4453,0,False,False,False,125.5078,359.6484
Uzzziii;D,Terrorist,2372.869,1985.634,124.599,AK47,100,0,88.1094,196.1166,0,False,False,False,128.6719,0
Uzzziii;D,Terrorist,2377.16,1996.578,124.4743,AK47,100,0,71.88869,202.6253,0,False,False,False,128.3203,0
Uzzziii;D,Terrorist,2381.148,2009.408,124.3406,AK47,100,0,58.18283,206.9777,0,False,False,False,128.3203,0
Uzzziii;D,Terrorist,2384.409,2022.442,125.0893,AK47,100,0,47.6076,209.6629,0,False,False,False,130.0781,0
Uzzziii;D,Terrorist,2387.194,2037.297,126.2197,AK47,100,0,32.51239,212.5275,0,False,False,False,137.1094,359.6484
Uzzziii;D,Terrorist,2390.524,2050.294,127.1194,AK47,100,0,64.49585,205.0983,0,False,False,False,137.1094,359.6484
Uzzziii;D,Terrorist,2393.439,2061.681,127.0287,AK47,100,0,45.66395,210.0948,0,False,False,False,137.1094,359.6484
Uzzziii;D,Terrorist,2395.953,2076.584,126.7802,AK47,100,0,33.64523,212.3511,0,False,False,False,140.625,0
Uzzziii;D,Terrorist,2399.169,2089.62,126.3752,AK47,100,0,63.31546,205.4657,0,False,False,False,143.7891,0
Uzzziii;D,Terrorist,2403.214,2100.656,125.7892,AK47,100,0,81.12589,199.107,0,False,False,False,143.7891,0
Uzzziii;D,Terrorist,2408.813,2112.868,125.0655,AK47,100,0,95.37554,192.6876,0,False,False,False,143.7891,0
Uzzziii;D,Terrorist,2414.517,2125.007,124.6081,AK47,100,0,77.68957,199.8576,0,False,False,False,143.7891,0
Uzzziii;D,Terrorist,2418.211,2137.907,124.6016,AK47,100,0,45.38126,210.156,0,False,False,False,146.6016,359.6484
Uzzziii;D,Terrorist,2420.046,2151.212,124.7799,AK47,100,0,24.84801,213.5593,0,False,False,False,161.7188,358.9453
Uzzziii;D,Terrorist,2421.885,2164.522,124.7029,AK47,100,0,31.71841,212.6475,0,False,False,False,167.6953,358.5938
Uzzziii;D,Terrorist,2424.282,2179.448,124.5217,AK47,100,0,35.76521,212.0044,0,False,False,False,167.6953,358.5938
Uzzziii;D,Terrorist,2426.311,2191.029,124.3153,AK47,100,0,38.01335,211.6128,0,False,False,False,167.6953,358.5938
Uzzziii;D,Terrorist,2428.757,2204.242,124.1006,AK47,100,0,39.91605,211.2622,0,False,False,False,167.6953,358.5938
Uzzziii;D,Terrorist,2431.545,2219.1,124.2789,AK47,100,0,38.41834,211.5397,0,False,False,False,172.9688,359.2969
Uzzziii;D,Terrorist,2433.49,2230.696,124.4352,AK47,100,0,33.35677,212.3966,0,False,False,False,175.4297,359.6484
Uzzziii;D,Terrorist,2435.408,2243.996,124.5982,AK47,100,0,28.85733,213.0546,0,False,False,False,175.4297,359.6484
Uzzziii;D,Terrorist,2437.063,2256.924,124.7458,AK47,100,0,23.01178,179.2685,0,False,False,False,175.7813,359.6484
Uzzziii;D,Terrorist,2438.13,2263.972,124.8347,AK47,100,0,13.48183,66.06114,0,False,False,False,178.5938,359.6484
Uzzziii;D,Terrorist,2438.715,2264.84,124.8542,AK47,100,0,5.009823,-19.69445,0,False,False,False,182.8125,358.9453
Uzzziii;D,Terrorist,2439.083,2261.75,124.8701,AK47,100,0,8.404779,-72.35078,0,False,False,False,189.4922,359.6484
Uzzziii;D,Terrorist,2440.636,2254.753,124.9099,AK47,100,0,36.83105,-116.7158,0,False,False,False,214.8047,1.054688
Uzzziii;D,Terrorist,2444.214,2248.843,125.0776,AK47,100,0,85.66959,-100.3207,0,False,False,False,215.1563,359.6484
Uzzziii;D,Terrorist,2452.108,2242.218,125.4549,AK47,100,0,130.6224,-91.91499,0,False,False,False,204.6094,358.2422
Uzzziii;D,Terrorist,2460.053,2238.254,125.9555,AK47,100,0,154.7851,-65.55544,0,False,False,False,201.0938,358.9453
Uzzziii;D,Terrorist,2470.442,2233.792,126.6463,AK47,100,0,174.1928,-75.56863,0,False,False,False,200.3906,358.9453
Uzzziii;D,Terrorist,2481.875,2229.017,127.406,AK47,100,0,189.7255,-66.74531,0,False,False,False,199.3359,358.5938
Uzzziii;D,Terrorist,2493.409,2227.294,128.1577,AK47,100,0,130.7404,13.54961,0,False,False,False,196.1719,359.2969
Uzzziii;D,Terrorist,2499.655,2230.345,128.4389,AK47,100,0,78.35708,73.57847,0,False,False,False,195.8203,359.6484
Uzzziii;D,Terrorist,2503.65,2234.759,128.4178,AK47,100,0,61.40767,42.25372,0,False,False,False,196.5234,359.6484
Uzzziii;D,Terrorist,2507.033,2234.908,128.4154,AK47,100,0,61.7037,-24.19084,0,False,False,False,196.5234,0
Uzzziii;D,Terrorist,2510.518,2232.725,128.4154,AK47,100,0,47.79847,-30.75529,0,False,False,False,196.5234,0
Uzzziii;D,Terrorist,2512.84,2231.231,128.4316,AK47,100,0,28.87693,-18.58048,0,False,False,False,196.5234,0.3515625
Uzzziii;D,Terrorist,2514.039,2230.46,128.4316,AK47,100,0,7.590219,-4.883826,0,False,False,False,196.5234,0.3515625
Uzzziii;D,Terrorist,2514.102,2230.419,128.4316,AK47,100,0,0,0,0,False,False,False,196.1719,0.3515625
Uzzziii;D,Terrorist,2514.102,2230.419,128.4316,AK47,100,0,0,0,0,False,False,False,196.1719,0.3515625
Uzzziii;D,Terrorist,2514.102,2230.419,128.4316,AK47,100,0,0,0,0,False,False,False,195.8203,0.3515625
Uzzziii;D,Terrorist,2514.102,2230.419,128.4316,AK47,100,0,0,0,0,False,False,False,195.8203,0.3515625
Uzzziii;D,Terrorist,2514.102,2230.419,128.4316,AK47,100,0,0,0,0,False,False,False,195.8203,0.3515625
Uzzziii;D,Terrorist,2514.102,2230.419,128.4316,AK47,100,0,0,0,0,False,False,False,195.8203,0.3515625
Uzzziii;D,Terrorist,2514.102,2230.419,128.4316,AK47,100,0,0,0,0,False,False,False,195.8203,0.3515625
Uzzziii;D,Terrorist,2514.102,2230.419,128.4316,AK47,100,0,0,0,0,False,False,False,195.8203,0.3515625
Uzzziii;D,Terrorist,2514.102,2230.419,128.4316,AK47,100,0,0,0,0,False,False,False,195.8203,0.3515625
Uzzziii;D,Terrorist,2514.102,2230.419,128.4316,AK47,100,0,0,0,0,False,False,False,195.8203,0.3515625
Uzzziii;D,Terrorist,2514.102,2230.419,128.4316,AK47,100,0,0,0,0,False,False,False,195.8203,0.3515625
Uzzziii;D,Terrorist,2514.102,2230.419,128.4316,AK47,100,0,0,0,0,False,False,False,195.8203,0.3515625
Uzzziii;D,Terrorist,2514.102,2230.419,128.4316,AK47,100,0,0,0,0,False,False,False,195.8203,0.3515625
Uzzziii;D,Terrorist,2514.102,2230.419,128.4316,AK47,100,0,0,0,0,False,False,False,195.8203,0.3515625
Uzzziii;D,Terrorist,2514.102,2230.419,128.4316,AK47,100,0,0,0,0,False,False,False,195.8203,0.3515625
Uzzziii;D,Terrorist,2514.102,2230.419,128.4316,AK47,100,0,0,0,0,False,False,False,195.8203,0.3515625
Uzzziii;D,Terrorist,2514.102,2230.419,128.4316,AK47,100,0,0,0,0,False,False,False,195.8203,0.3515625
Uzzziii;D,Terrorist,2514.102,2230.419,128.4316,AK47,100,0,0,0,0,False,False,False,195.8203,0.3515625
Uzzziii;D,Terrorist,2514.102,2230.419,128.4316,AK47,100,0,0,0,0,False,False,False,195.8203,0.3515625
Uzzziii;D,Terrorist,2514.102,2230.419,128.4316,AK47,100,0,0,0,0,False,False,False,195.8203,0.3515625
Uzzziii;D,Terrorist,2514.102,2230.419,128.4316,AK47,100,0,0,0,0,False,False,False,195.8203,0.3515625
Uzzziii;D,Terrorist,2514.102,2230.419,128.4316,AK47,100,0,0,0,0,False,False,False,195.8203,0.3515625
Uzzziii;D,Terrorist,2514.102,2230.419,128.4316,AK47,100,0,0,0,0,False,False,False,195.8203,0.3515625
Uzzziii;D,Terrorist,2514.102,2230.419,128.4316,AK47,100,0,0,0,0,False,False,False,195.8203,0.3515625
Uzzziii;D,Terrorist,2514.102,2230.419,128.4316,AK47,100,0,0,0,0,False,False,False,195.8203,0.3515625
Uzzziii;D,Terrorist,2514.102,2230.419,128.4316,AK47,100,0,0,0,0,False,False,False,195.8203,0.3515625
Uzzziii;D,Terrorist,2514.102,2230.419,128.4316,AK47,100,0,0,0,0,False,False,False,195.8203,0.3515625
Uzzziii;D,Terrorist,2514.102,2230.419,128.4316,AK47,100,0,0,0,0,False,False,False,195.8203,0.3515625
Uzzziii;D,Terrorist,2514.102,2230.419,128.4316,AK47,100,0,0,0,0,False,False,False,195.8203,0.3515625
Uzzziii;D,Terrorist,2514.102,2230.419,128.4316,AK47,100,0,0,0,0,False,False,False,195.8203,0.3515625
Uzzziii;D,Terrorist,2514.102,2230.419,128.4316,AK47,100,0,0,0,0,False,False,False,195.8203,0.3515625
Uzzziii;D,Terrorist,2514.102,2230.419,128.4316,AK47,100,0,0,0,0,False,False,False,196.5234,0.703125
Uzzziii;D,Terrorist,2513.421,2228.977,128.4316,AK47,100,0,-19.53913,-44.83695,0,False,False,False,205.6641,0.703125
Uzzziii;D,Terrorist,2511.922,2224.354,128.4639,AK47,100,0,-24.58547,-96.16952,0,False,False,False,221.1328,359.6484
Uzzziii;D,Terrorist,2510.546,2216.848,128.5033,AK47,100,0,-20.01353,-136.8853,0,False,False,False,223.5938,359.6484
Uzzziii;D,Terrorist,2509.428,2207.191,128.5196,AK47,100,0,-16.40742,-166.8832,0,False,False,False,223.5938,359.6484
Uzzziii;D,Terrorist,2508.501,2195.95,128.5196,AK47,100,0,-13.62275,-188.9811,0,False,False,False,223.9453,359.6484
Uzzziii;D,Terrorist,2508.04,2183.479,128.5196,AK47,100,0,-18.60401,-139.5828,0,False,False,False,225.3516,359.6484
Uzzziii;D,Terrorist,2505.801,2178.246,128.5196,AK47,100,0,-56.31852,-65.63068,0,False,False,False,225.7031,0
Uzzziii;D,Terrorist,2502.463,2175.146,128.5002,AK47,100,0,-46.10971,-42.82827,0,False,False,False,226.4063,0
Uzzziii;D,Terrorist,2500.16,2173.007,128.4829,AK47,100,0,-29.62402,-27.5158,0,False,False,False,226.7578,0
Uzzziii;D,Terrorist,2498.802,2171.745,128.4727,AK47,100,0,-11.07762,-10.28927,0,False,False,False,227.4609,0.3515625
Uzzziii;D,Terrorist,2498.611,2171.567,128.4713,AK47,100,0,0,0,0,False,False,False,227.4609,0.3515625
Uzzziii;D,Terrorist,2498.611,2171.567,128.4713,AK47,100,0,0,0,0,False,False,False,227.4609,0.3515625
Uzzziii;D,Terrorist,2498.611,2171.567,128.4713,AK47,100,0,0,0,0,False,False,False,227.4609,0.3515625
Uzzziii;D,Terrorist,2498.611,2171.567,128.4713,AK47,100,0,0,0,0,False,False,False,227.4609,0.3515625
Uzzziii;D,Terrorist,2498.611,2171.567,128.4713,AK47,100,0,0,0,0,False,False,False,227.4609,0.3515625
Uzzziii;D,Terrorist,2498.611,2171.567,128.4713,AK47,100,0,0,0,0,False,False,False,227.1094,0.3515625
Uzzziii;D,Terrorist,2498.611,2171.567,128.4713,AK47,100,0,0,0,0,False,False,False,227.1094,0.3515625
Uzzziii;D,Terrorist,2498.611,2171.567,128.4713,AK47,100,0,0,0,0,False,False,False,227.1094,0.703125
Uzzziii;D,Terrorist,2498.611,2171.567,128.4713,AK47,100,0,0,0,0,False,False,False,226.7578,0.703125
Uzzziii;D,Terrorist,2498.611,2171.567,128.4713,AK47,100,0,0,0,0,False,False,False,226.7578,0.703125
Uzzziii;D,Terrorist,2498.611,2171.567,128.4713,AK47,100,0,0,0,0,False,False,False,226.7578,0.703125
Uzzziii;D,Terrorist,2498.611,2171.567,128.4713,AK47,100,0,0,0,0,False,False,False,226.7578,0.703125
Uzzziii;D,Terrorist,2498.611,2171.567,128.4713,AK47,100,0,0,0,0,False,False,False,226.7578,0.703125
Uzzziii;D,Terrorist,2498.611,2171.567,128.4713,AK47,100,0,0,0,0,False,False,False,226.7578,0.703125
Uzzziii;D,Terrorist,2498.611,2171.567,128.4713,AK47,100,0,0,0,0,False,False,False,226.7578,0.703125
Uzzziii;D,Terrorist,2498.611,2171.567,128.4713,AK47,100,0,0,0,0,False,False,False,226.7578,0.703125
Uzzziii;D,Terrorist,2498.611,2171.567,128.4713,AK47,100,0,0,0,0,False,False,False,227.4609,0.703125
Uzzziii;D,Terrorist,2498.611,2171.567,128.4713,AK47,100,0,0,0,0,False,False,False,229.5703,1.757813
Uzzziii;D,Terrorist,2498.611,2171.567,128.4713,AK47,100,0,0,0,0,False,False,False,234.1406,2.8125
Uzzziii;D,Terrorist,2498.611,2171.567,128.4713,AK47,100,0,0,0,0,False,False,False,244.6875,2.460938
Uzzziii;D,Terrorist,2498.611,2171.567,128.4713,AK47,100,0,0,0,0,False,False,False,244.6875,2.109375
Uzzziii;D,Terrorist,2498.611,2171.567,128.4713,AK47,100,0,0,0,0,False,False,False,245.3906,2.109375
Uzzziii;D,Terrorist,2498.611,2171.567,128.4713,AK47,100,0,0,0,0,False,False,False,248.9063,2.8125
Uzzziii;D,Terrorist,2498.611,2171.567,128.4713,AK47,100,0,0,0,0,False,False,False,248.5547,2.460938
Uzzziii;D,Terrorist,2498.611,2171.567,128.4713,AK47,100,0,0,0,0,False,False,False,248.5547,2.460938
Uzzziii;D,Terrorist,2498.611,2171.567,128.4713,AK47,100,0,0,0,0,False,False,False,248.9063,3.164063
Uzzziii;D,Terrorist,2498.611,2171.567,128.4713,AK47,100,0,0,0,0,False,False,False,248.2031,3.867188
Uzzziii;D,Terrorist,2498.611,2171.567,128.4713,AK47,100,0,0,0,0,False,False,False,248.5547,4.21875
Uzzziii;D,Terrorist,2498.611,2171.567,128.4713,AK47,100,0,0,0,0,False,False,False,248.2031,4.570313
Uzzziii;D,Terrorist,2498.611,2171.567,128.4713,AK47,100,0,0,0,0,False,False,False,248.5547,5.273438
Uzzziii;D,Terrorist,2498.611,2171.567,128.4713,AK47,100,0,0,0,0,False,False,False,248.2031,5.976563
Uzzziii;D,Terrorist,2498.611,2171.567,128.4713,AK47,100,0,0,0,0,False,False,False,248.2031,7.734375
Uzzziii;D,Terrorist,2498.611,2171.567,128.4713,AK47,100,0,0,0,0,False,False,False,246.7969,8.789063
Uzzziii;D,Terrorist,2498.611,2171.567,128.4713,AK47,100,0,0,0,0,False,False,False,246.0938,8.4375
Uzzziii;D,Terrorist,2498.611,2171.567,128.4713,AK47,100,0,0,0,0,False,False,False,246.4453,8.789063
Uzzziii;D,Terrorist,2498.611,2171.567,128.4713,AK47,100,0,0,0,0,False,False,False,247.5,9.140625
Uzzziii;D,Terrorist,2498.611,2171.567,128.4713,AK47,100,0,0,0,0,False,False,False,248.5547,9.84375
Uzzziii;D,Terrorist,2498.611,2171.567,128.4713,AK47,100,0,0,0,0,False,False,False,248.5547,9.84375
Uzzziii;D,Terrorist,2498.611,2171.567,128.4713,AK47,100,0,0,0,0,False,False,False,248.5547,10.19531
Uzzziii;D,Terrorist,2498.611,2171.567,128.4713,AK47,100,0,0,0,0,False,False,False,248.5547,10.19531
Uzzziii;D,Terrorist,2498.611,2171.567,128.4713,AK47,100,0,0,0,0,False,False,False,248.5547,10.19531
Uzzziii;D,Terrorist,2498.611,2171.567,128.4713,AK47,100,0,0,0,0,False,False,False,248.5547,10.19531
Uzzziii;D,Terrorist,2498.611,2171.567,128.4713,AK47,100,0,0,0,0,False,False,False,248.5547,10.19531
Uzzziii;D,Terrorist,2498.031,2170.08,128.4593,AK47,100,0,-17.75897,-45.63503,0,False,False,False,248.9063,10.19531
Uzzziii;D,Terrorist,2496.229,2165.529,128.3109,AK47,100,0,-37.58325,-92.89655,0,False,False,False,246.4453,9.140625
Uzzziii;D,Terrorist,2493.271,2158.398,128.0667,AK47,100,0,-54.14233,-128.9751,0,False,False,False,246.4453,8.789063
Uzzziii;D,Terrorist,2489.442,2149.36,127.7522,AK47,100,0,-66.26929,-155.5794,0,False,False,False,246.4453,8.4375
Uzzziii;D,Terrorist,2484.974,2138.916,127.386,AK47,100,0,-75.1147,-175.2126,0,False,False,False,246.4453,8.4375
Uzzziii;D,Terrorist,2480.039,2127.435,126.9704,AK47,100,0,-81.76241,-189.6157,0,False,False,False,246.0938,7.734375
Uzzziii;D,Terrorist,2474.757,2115.239,126.4097,AK47,100,0,-85.66294,-197.1975,0,False,False,False,246.0938,7.382813
Uzzziii;D,Terrorist,2469.383,2102.923,126.0348,AK47,100,0,-86.22975,-196.9503,0,False,False,False,245.7422,7.03125
Uzzziii;D,Terrorist,2463.974,2090.622,125.6574,AK47,100,0,-86.84383,-196.6803,0,False,False,False,245.3906,6.679688
Uzzziii;D,Terrorist,2458.517,2078.343,125.2767,AK47,100,0,-87.64117,-196.3263,0,False,False,False,245.3906,5.625
Uzzziii;D,Terrorist,2453.013,2066.084,124.8927,AK47,100,0,-88.3738,-195.9976,0,False,False,False,245.0391,5.625
Uzzziii;D,Terrorist,2446.774,2052.314,124.4115,AK47,100,0,-88.97734,-195.7244,0,False,False,False,245.0391,5.625
Uzzziii;D,Terrorist,2441.199,2040.087,123.7315,AK47,100,0,-89.36388,-195.5482,0,False,False,False,245.0391,5.625
Uzzziii;D,Terrorist,2436.304,2029.397,123.2443,AK47,100,0,-89.61729,-195.4322,0,False,False,False,245.0391,5.625
Uzzziii;D,Terrorist,2430.695,2017.186,122.8147,AK47,100,0,-89.83477,-195.3323,0,False,False,False,245.0391,5.625
Uzzziii;D,Terrorist,2425.074,2004.98,122.62,AK47,100,0,-89.99487,-195.2586,0,False,False,False,245.0391,5.625
Uzzziii;D,Terrorist,2419.445,1992.779,123.034,AK47,100,0,-90.11273,-195.2042,0,False,False,False,245.0391,5.625
Uzzziii;D,Terrorist,2413.105,1979.055,123.4294,AK47,100,0,-90.2086,-195.16,0,False,False,False,245.0391,5.625
Uzzziii;D,Terrorist,2408.17,1968.384,123.5728,AK47,100,0,-90.31068,-195.1127,0,False,False,False,245.0391,5.273438
Uzzziii;D,Terrorist,2402.513,1956.195,123.6821,AK47,100,0,-90.74512,-194.9111,0,False,False,False,244.3359,5.273438
Uzzziii;D,Terrorist,2396.749,1944.057,123.5987,AK47,100,0,-94.605,-193.0671,0,False,False,False,236.9531,5.273438
Uzzziii;D,Terrorist,2389.022,1930.326,123.5254,Knife,100,0,-125.6803,-194.8024,0,False,False,False,215.8594,4.921875
Uzzziii;D,Terrorist,2381.152,1920.109,123.4813,Knife,100,0,-157.5299,-179.1076,0,False,False,False,201.0938,4.21875
Uzzziii;D,Terrorist,2370.185,1909.666,123.4733,Knife,100,0,-188.0776,-158.6272,0,False,False,False,200.3906,4.21875
Uzzziii;D,Terrorist,2356.062,1899.285,123.6686,Knife,100,0,-208.1022,-138.5406,0,False,False,False,200.3906,4.21875
Uzzziii;D,Terrorist,2342.714,1891.167,124.6824,Knife,100,0,-217.1982,-123.7941,0,False,False,False,200.3906,4.21875
Uzzziii;D,Terrorist,2330.665,1884.71,125.2551,Knife,100,0,-222.4374,-114.1122,0,False,False,False,200.0391,3.867188
Uzzziii;D,Terrorist,2316.57,1877.97,125.4933,Knife,100,0,-227.9594,-102.6377,0,False,False,False,195.8203,3.515625
Uzzziii;D,Terrorist,2300.312,1871.294,125.9747,Knife,100,0,-233.605,-89.04318,0,False,False,False,193.3594,2.8125
Uzzziii;D,Terrorist,2287.436,1866.699,126.5208,Knife,100,0,-236.6414,-80.62778,0,False,False,False,193.0078,2.8125
Uzzziii;D,Terrorist,2270.696,1861.336,127.1911,Knife,100,0,-239.0296,-73.24528,0,False,False,False,193.0078,2.8125
Uzzziii;D,Terrorist,2257.584,1857.465,127.1911,Knife,100,0,-240.2705,-69.0658,0,False,False,False,193.0078,2.8125
Uzzziii;D,Terrorist,2242.53,1853.281,127.2089,Knife,100,0,-241.2733,-65.4765,0,False,False,False,193.0078,2.8125
Uzzziii;D,Terrorist,2225.534,1848.795,127.0977,Knife,100,0,-242.0377,-62.592,0,False,False,False,192.6563,2.8125
Uzzziii;D,Terrorist,2212.282,1845.435,126.9733,Knife,100,0,-242.5367,-60.62971,0,False,False,False,192.6563,2.460938
Uzzziii;D,Terrorist,2197.107,1841.887,126.8419,Knife,100,0,-243.0992,-43.52642,0,False,False,False,192.6563,2.460938
Uzzziii;D,Terrorist,2179.972,1841.207,126.7448,Knife,100,0,-244.2098,14.32938,0,False,False,False,193.0078,2.460938
Uzzziii;D,Terrorist,2166.41,1841.767,127.251,Knife,100,0,-249.9965,1.323508,0,False,False,False,194.0625,2.460938
Uzzziii;D,Terrorist,2148.854,1840.978,127.7557,Knife,100,0,-249.1955,-20.03954,0,False,False,False,194.7656,2.460938
Uzzziii;D,Terrorist,2135.264,1839.502,127.7401,Knife,100,0,-247.9829,-31.69315,0,False,False,False,194.7656,2.460938
Uzzziii;D,Terrorist,2117.889,1836.842,127.3708,Knife,100,0,-246.442,-42.02757,0,False,False,False,194.7656,2.460938
Uzzziii;D,Terrorist,2104.443,1834.369,126.7955,Knife,100,0,-245.4686,-47.38311,0,False,False,False,194.7656,2.460938
Uzzziii;D,Terrorist,2089.134,1831.246,131.1311,Knife,100,0,-244.5854,-51.74943,0,False,False,False,194.7656,2.460938
Uzzziii;D,Terrorist,2071.933,1827.74,135.203,Knife,100,0,-245.7837,-36.18283,0,False,False,False,196.875,2.460938
Uzzziii;D,Terrorist,2059.951,1826.929,137.7796,AK47,100,0,-214.9352,-5.280615,0,False,False,False,215.1563,4.21875
Uzzziii;D,Terrorist,2044.859,1827.369,140.3887,AK47,100,0,-214.725,10.87142,0,False,False,False,275.625,8.085938
Uzzziii;D,Terrorist,2031.539,1826.989,142.8947,AK47,100,0,-211.3319,-9.128525,0,False,False,False,333.2813,8.4375
Uzzziii;D,Terrorist,2018.747,1826.935,146.8681,AK47,100,0,-184.5187,0.389325,0,False,False,False,359.2969,8.789063
Uzzziii;D,Terrorist,2010.135,1826.952,149.543,AK47,100,0,-131.7985,0.1453452,0,False,False,False,358.9453,5.976563
Uzzziii;D,Terrorist,2005.629,1826.921,150.9424,AK47,100,0,-28.59195,-0.9250946,0,False,False,False,358.9453,5.976563
Uzzziii;D,Terrorist,2006.616,1826.877,150.636,AK47,100,0,40.95196,-0.7973295,0,False,False,False,358.9453,5.976563
Uzzziii;D,Terrorist,2011.023,1826.799,149.2671,AK47,100,0,93.04219,-1.599447,0,False,False,False,358.9453,5.976563
Uzzziii;D,Terrorist,2018.36,1826.786,146.9882,AK47,100,0,134.2737,3.389576,0,False,False,False,11.25,4.921875
Uzzziii;D,Terrorist,2027.758,1826.48,144.0692,AK47,100,0,161.7433,-13.83577,0,False,False,False,31.28906,2.460938
Uzzziii;D,Terrorist,2038.69,1825.323,141.4552,AK47,100,0,184.3118,-20.95309,0,False,False,False,36.91406,0.703125
Uzzziii;D,Terrorist,2050.828,1823.871,139.3568,AK47,100,0,201.1635,-24.83995,0,False,False,False,36.91406,0.703125
Uzzziii;D,Terrorist,2063.854,1822.214,137.1048,AK47,100,0,213.223,-27.58552,0,False,False,False,37.26563,0.703125
Uzzziii;D,Terrorist,2077.193,1820.589,133.958,AK47,100,0,213.7762,-22.90689,0,False,False,False,47.10937,0.703125
Uzzziii;D,Terrorist,2090.599,1819.74,130.7842,AK47,100,0,214.9276,-5.579782,0,False,False,False,56.60156,0
Uzzziii;D,Terrorist,2104.033,1819.933,126.1228,AK47,100,0,214.8084,9.074103,0,False,False,False,56.60156,0
Uzzziii;D,Terrorist,2117.436,1820.88,126.7706,AK47,100,0,214.1258,19.36832,0,False,False,False,56.60156,0
Uzzziii;D,Terrorist,2130.798,1822.294,127.2304,AK47,100,0,213.6711,23.86782,0,False,False,False,52.38281,0.703125
Uzzziii;D,Terrorist,2145.821,1823.976,127.1072,AK47,100,0,213.6752,23.83027,0,False,False,False,51.32813,1.054688
Uzzziii;D,Terrorist,2159.176,1825.467,126.9968,AK47,100,0,213.6684,23.89139,0,False,False,False,51.67969,0.703125
Uzzziii;D,Terrorist,2170.848,1826.637,126.3289,AK47,100,0,212.6927,11.53737,0,False,False,False,53.4375,0.703125
Uzzziii;D,Terrorist,2185.757,1825.654,126.2407,AK47,100,0,212.5134,-30.68605,0,False,False,False,61.17188,0.3515625
Uzzziii;D,Terrorist,2197.294,1823.4,126.1572,AK47,100,0,209.6594,-47.62297,0,False,False,False,66.09375,0.703125
Uzzziii;D,Terrorist,2210.293,1820.003,126.2486,AK47,100,0,206.7891,-58.84955,0,False,False,False,67.14844,0.703125
Uzzziii;D,Terrorist,2223.129,1816.029,127.3083,AK47,100,0,204.1872,-67.32451,0,False,False,False,64.33594,1.054688
Uzzziii;D,Terrorist,2234.634,1812.123,128.2806,AK47,100,0,144.5834,-42.33376,0,False,False,False,51.67969,359.6484
Uzzziii;D,Terrorist,2240.437,1811.478,128.6578,AK47,100,0,56.66252,12.52585,0,False,False,False,47.8125,0
Uzzziii;D,Terrorist,2241.302,1813.97,128.4962,AK47,100,0,-17.62813,50.32736,0,False,False,False,48.16407,0
Uzzziii;D,Terrorist,2239.079,1817.534,128.2077,AK47,100,0,-56.77744,76.25162,0,False,False,False,48.16407,0
Uzzziii;D,Terrorist,2234.271,1823.179,127.5413,AK47,100,0,-91.08404,100.2052,0,False,False,False,48.16407,0.3515625
Uzzziii;D,Terrorist,2229.05,1828.834,126.8485,AK47,100,0,-58.05613,65.16598,0,False,False,False,47.10937,0.3515625
Uzzziii;D,Terrorist,2227.829,1830.445,126.6615,AK47,100,0,7.255745,-5.425987,0,False,False,False,45.70313,1.054688
Uzzziii;D,Terrorist,2228.131,1830.179,126.6947,AK47,100,0,0,0,0,False,False,False,45,0.703125
Uzzziii;D,Terrorist,2228.131,1830.179,126.6947,AK47,100,0,0,0,0,False,False,False,44.29688,0.703125
Uzzziii;D,Terrorist,2228.131,1830.179,126.6947,AK47,100,0,0,0,0,False,False,False,44.29688,0.703125
Uzzziii;D,Terrorist,2228.131,1830.179,126.6947,AK47,100,0,0,0,0,False,False,False,44.64844,0.703125
Uzzziii;D,Terrorist,2228.131,1830.179,126.6947,AK47,100,0,0,0,0,False,False,False,44.64844,0.703125
Uzzziii;D,Terrorist,2228.131,1830.179,126.6947,AK47,100,0,0,0,0,False,False,False,44.29688,0.703125
Uzzziii;D,Terrorist,2228.131,1830.179,126.6947,AK47,100,0,0,0,0,False,False,False,44.29688,0.703125
Uzzziii;D,Terrorist,2228.131,1830.179,126.6947,AK47,100,0,0,0,0,False,False,False,44.64844,0.703125
Uzzziii;D,Terrorist,2228.131,1830.179,126.6947,AK47,100,0,0,0,0,False,False,False,44.64844,0.3515625
Uzzziii;D,Terrorist,2228.131,1830.179,126.6947,AK47,100,0,0,0,0,False,False,False,44.64844,0.3515625
Uzzziii;D,Terrorist,2228.131,1830.179,126.6947,AK47,100,0,0,0,0,False,False,False,44.64844,0.3515625
Uzzziii;D,Terrorist,2228.131,1830.179,126.6947,AK47,100,0,0,0,0,False,False,False,44.64844,0.3515625
Uzzziii;D,Terrorist,2228.131,1830.179,126.6947,AK47,100,0,0,0,0,False,False,False,44.64844,0.3515625
Uzzziii;D,Terrorist,2228.131,1830.179,126.6947,AK47,100,0,0,0,0,False,False,False,45,0.3515625
Uzzziii;D,Terrorist,2228.131,1830.179,126.6947,AK47,100,0,0,0,0,False,False,False,45,0.3515625
Uzzziii;D,Terrorist,2228.131,1830.179,126.6947,AK47,100,0,0,0,0,False,False,False,45,0.3515625
Uzzziii;D,Terrorist,2228.131,1830.179,126.6947,AK47,100,0,0,0,0,False,False,False,45,0.3515625
Uzzziii;D,Terrorist,2228.131,1830.179,126.6947,AK47,100,0,0,0,0,False,False,False,45,0.3515625
Uzzziii;D,Terrorist,2228.131,1830.179,126.6947,AK47,100,0,0,0,0,False,False,False,45,0.3515625
Uzzziii;D,Terrorist,2228.131,1830.179,126.6947,AK47,100,0,0,0,0,False,False,False,45,0.3515625
Uzzziii;D,Terrorist,2228.131,1830.179,126.6947,AK47,100,0,0,0,0,False,False,False,45,0.3515625
Uzzziii;D,Terrorist,2228.131,1830.179,126.6947,AK47,100,0,0,0,0,False,False,False,45,0.3515625
Uzzziii;D,Terrorist,2228.131,1830.179,126.6947,AK47,100,0,0,0,0,False,False,False,45,0
Uzzziii;D,Terrorist,2228.131,1830.179,126.6947,AK47,100,0,0,0,0,False,False,False,45,359.6484
Uzzziii;D,Terrorist,2228.131,1830.179,126.6947,AK47,100,0,0,0,0,False,False,False,45,359.6484
Uzzziii;D,Terrorist,2228.131,1830.179,126.6947,AK47,100,0,0,0,0,False,False,False,45,359.6484
Uzzziii;D,Terrorist,2228.131,1830.179,126.6947,AK47,100,0,0,0,0,False,False,False,45,359.6484
Uzzziii;D,Terrorist,2228.131,1830.179,126.6947,AK47,100,0,0,0,0,False,False,False,45,359.6484
Uzzziii;D,Terrorist,2228.131,1830.179,126.6947,AK47,100,0,0,0,0,False,False,False,45,359.6484
Uzzziii;D,Terrorist,2228.131,1830.179,126.6947,AK47,100,0,0,0,0,False,False,False,45,359.6484
Uzzziii;D,Terrorist,2228.131,1830.179,126.6947,AK47,100,0,0,0,0,False,False,False,45.35156,359.6484
Uzzziii;D,Terrorist,2228.131,1830.179,126.6947,AK47,100,0,0,0,0,False,False,False,45.70313,358.9453
Uzzziii;D,Terrorist,2228.131,1830.179,126.6947,AK47,100,0,0,0,0,False,False,False,45.70313,358.5938
Uzzziii;D,Terrorist,2228.131,1830.179,126.6947,AK47,100,0,0,0,0,False,False,False,45.70313,358.5938
Uzzziii;D,Terrorist,2228.131,1830.179,126.6947,AK47,100,0,0,0,0,False,False,False,46.05469,359.2969
Uzzziii;D,Terrorist,2228.131,1830.179,126.6947,AK47,100,0,0,0,0,False,False,False,46.40625,1.054688
Uzzziii;D,Terrorist,2228.131,1830.179,126.6947,AK47,100,0,0,0,0,False,False,False,46.40625,0.703125
Uzzziii;D,Terrorist,2228.131,1830.179,126.6947,AK47,100,0,0,0,0,False,False,False,46.40625,0.3515625
Uzzziii;D,Terrorist,2228.131,1830.179,126.6947,AK47,100,0,0,0,0,False,False,False,46.40625,0.3515625
Uzzziii;D,Terrorist,2228.131,1830.179,126.6947,AK47,100,0,0,0,0,False,False,False,46.40625,0.3515625
Uzzziii;D,Terrorist,2228.131,1830.179,126.6947,AK47,100,0,0,0,0,False,False,False,46.40625,0.3515625
Uzzziii;D,Terrorist,2228.131,1830.179,126.6947,AK47,100,0,0,0,0,False,False,False,46.40625,0.3515625
Uzzziii;D,Terrorist,2228.131,1830.179,126.6947,AK47,100,0,0,0,0,False,False,False,46.40625,0.3515625
Uzzziii;D,Terrorist,2228.131,1830.179,126.6947,AK47,100,0,0,0,0,False,False,False,46.40625,0.3515625
Uzzziii;D,Terrorist,2228.131,1830.179,126.6947,AK47,100,0,0,0,0,False,False,False,46.40625,0.3515625
Uzzziii;D,Terrorist,2228.131,1830.179,126.6947,AK47,100,0,0,0,0,False,False,False,46.40625,0
Uzzziii;D,Terrorist,2228.131,1830.179,126.6947,AK47,100,0,0,0,0,False,False,False,46.40625,0.3515625
Uzzziii;D,Terrorist,2228.131,1830.179,126.6947,AK47,100,0,0,0,0,False,False,False,46.40625,0.3515625
Uzzziii;D,Terrorist,2228.131,1830.179,126.6947,AK47,100,0,0,0,0,False,False,False,46.40625,0.3515625
Uzzziii;D,Terrorist,2228.131,1830.179,126.6947,AK47,100,0,0,0,0,False,False,False,46.40625,0.3515625
Uzzziii;D,Terrorist,2228.131,1830.179,126.6947,AK47,100,0,0,0,0,False,False,False,46.40625,0.3515625
Uzzziii;D,Terrorist,2228.131,1830.179,126.6947,AK47,100,0,0,0,0,False,False,False,46.40625,0.3515625
Uzzziii;D,Terrorist,2228.131,1830.179,126.6947,AK47,100,0,0,0,0,False,False,False,46.40625,0.3515625
Uzzziii;D,Terrorist,2228.131,1830.179,126.6947,AK47,100,0,0,0,0,False,False,False,46.40625,0.3515625
Uzzziii;D,Terrorist,2228.131,1830.179,126.6947,AK47,100,0,0,0,0,False,False,False,46.40625,0.3515625
Uzzziii;D,Terrorist,2228.131,1830.179,126.6947,AK47,100,0,0,0,0,False,False,False,47.10937,0.703125
Uzzziii;D,Terrorist,2228.131,1830.179,126.6947,AK47,100,0,0,0,0,False,False,False,48.86719,1.40625
Uzzziii;D,Terrorist,2228.131,1830.179,126.6947,AK47,100,0,0,0,0,False,False,False,57.30469,2.460938
Uzzziii;D,Terrorist,2228.131,1830.179,126.6947,AK47,100,0,0,0,0,False,False,False,66.79688,3.164063
Uzzziii;D,Terrorist,2228.131,1830.179,126.6947,AK47,100,0,0,0,0,False,False,False,67.5,3.164063
Uzzziii;D,Terrorist,2228.363,1830.735,126.6824,AK47,100,0,11.2299,26.94067,0,False,False,False,67.5,3.164063
Uzzziii;D,Terrorist,2231.014,1832.831,126.7122,AK47,100,0,65.12176,40.05532,0,False,False,False,67.5,3.164063
Uzzziii;D,Terrorist,2237.477,1836.526,126.8767,AK47,100,0,109.0271,64.88257,0,False,False,False,83.67188,2.8125
Uzzziii;D,Terrorist,2243.869,1841.003,126.8092,AK47,100,0,119.3652,95.81527,0,False,False,False,105.8203,2.460938
Uzzziii;D,Terrorist,2252.011,1849.349,127.025,AK47,100,0,111.8424,135.6058,0,False,False,False,114.2578,2.8125
Uzzziii;D,Terrorist,2258.141,1857.428,127.1947,AK47,100,0,114.992,154.45,0,False,False,False,96.6797,1.054688
Uzzziii;D,Terrorist,2264.474,1867.982,127.4313,AK47,100,0,96.58638,178.1769,0,False,False,False,69.60938,359.2969
Uzzziii;D,Terrorist,2270.441,1879.659,127.9644,AK47,100,0,92.69923,193.5639,0,False,False,False,77.34375,0.703125
Uzzziii;D,Terrorist,2276.547,1893.486,128.7369,AK47,100,0,91.73537,194.447,0,False,False,False,96.32813,1.40625
Uzzziii;D,Terrorist,2281.955,1903.924,129.2271,AK47,100,0,103.6846,188.3468,0,False,False,False,96.32813,1.40625
Uzzziii;D,Terrorist,2288.789,1915.492,129.7264,AK47,100,0,113.226,182.77,0,False,False,False,96.32813,1.40625
Uzzziii;D,Terrorist,2297.044,1928.156,129.3496,AK47,100,0,120.2419,178.2327,0,False,False,False,96.32813,1.40625
Uzzziii;D,Terrorist,2304.401,1936.972,128.8416,AK47,100,0,147.3599,145.1615,0,False,False,False,92.8125,0.3515625
Uzzziii;D,Terrorist,2315.997,1945.535,127.9601,AK47,100,0,177.4445,105.0661,0,False,False,False,92.10938,0.703125
Uzzziii;D,Terrorist,2326.935,1951.162,127.0914,AK47,100,0,142.4247,77.81345,0,False,False,False,93.51563,1.054688
Uzzziii;D,Terrorist,2331.733,1954.71,126.7268,AK47,100,0,50.21531,56.00391,0,False,False,False,93.51563,1.054688
Uzzziii;D,Terrorist,2332.341,1957.618,126.7074,AK47,100,0,-2.189563,29.71882,0,False,False,False,92.8125,0.703125
Uzzziii;D,Terrorist,2332.262,1958.687,126.7265,AK47,100,0,-0.5363347,7.279643,0,False,False,False,93.51563,0.3515625
Uzzziii;D,Terrorist,2332.258,1958.735,126.7265,AK47,100,0,0,0,0,False,False,False,93.16406,0
Uzzziii;D,Terrorist,2332.258,1958.735,126.7265,AK47,100,0,0,0,0,False,False,False,92.46094,0.3515625
Uzzziii;D,Terrorist,2332.258,1958.735,126.7265,AK47,100,0,0,0,0,False,False,False,92.8125,0.3515625
Uzzziii;D,Terrorist,2332.258,1958.735,126.7265,AK47,100,0,0,0,0,False,False,False,92.10938,1.054688
Uzzziii;D,Terrorist,2332.258,1958.735,126.7265,AK47,100,0,0,0,0,False,False,False,91.75781,1.054688
Uzzziii;D,Terrorist,2332.258,1958.735,126.7265,AK47,100,0,0,0,0,False,False,False,91.75781,1.40625
Uzzziii;D,Terrorist,2332.258,1958.735,126.7265,AK47,100,0,0,0,0,False,False,False,91.75781,1.40625
Uzzziii;D,Terrorist,2332.258,1958.735,126.7265,AK47,100,0,0,0,0,False,False,False,92.10938,1.757813
Uzzziii;D,Terrorist,2333.6,1960.258,126.648,AK47,100,0,36.01688,42.28211,0,False,False,False,97.03126,1.757813
Uzzziii;D,Terrorist,2337.242,1965.195,126.4052,AK47,100,0,60.92752,92.3673,0,False,False,False,111.0938,359.6484
Uzzziii;D,Terrorist,2340.785,1971.329,126.1892,AK47,100,0,67.06622,125.8982,0,False,False,False,115.3125,356.1328
Uzzziii;D,Terrorist,2345.149,1980.263,125.944,AK47,100,0,71.74644,154.9177,0,False,False,False,115.3125,356.1328
Uzzziii;D,Terrorist,2349.76,1990.731,125.8858,AK47,100,0,75.19369,176.2922,0,False,False,False,115.3125,356.4844
Uzzziii;D,Terrorist,2355.137,2001.802,126.1313,AK47,100,0,102.0303,170.3496,0,False,False,False,117.0703,357.1875
Uzzziii;D,Terrorist,2362.648,2011.98,126.2581,AK47,100,0,132.4221,158.395,0,False,False,False,121.9922,359.6484
Uzzziii;D,Terrorist,2371.58,2021.754,126.3008,AK47,100,0,144.2537,158.6425,0,False,False,False,129.375,1.054688
Uzzziii;D,Terrorist,2379.39,2032.553,126.5497,AK47,100,0,111.4831,182.7217,0,False,False,False,130.4297,1.40625
Uzzziii;D,Terrorist,2385.285,2044.503,127.0938,AK47,100,0,73.12729,194.1828,0,False,False,False,130.4297,1.40625
Uzzziii;D,Terrorist,2387.579,2056.613,127.6079,AK47,100,0,11.13909,193.4384,0,False,False,False,130.4297,1.40625
Uzzziii;D,Terrorist,2386.59,2068.675,127.7056,AK47,100,0,-35.02684,192.4499,0,False,False,False,131.8359,1.757813
Uzzziii;D,Terrorist,2383.072,2080.604,128.0534,AK47,100,0,-71.61122,189.3629,0,False,False,False,135,2.109375
Uzzziii;D,Terrorist,2377.567,2092.317,128.4603,AK47,100,0,-99.63896,186.0345,0,False,False,False,135.3516,2.460938
Uzzziii;D,Terrorist,2370.634,2103.774,128.9501,AK47,100,0,-117.8549,179.82,0,False,False,False,135,2.460938
Uzzziii;D,Terrorist,2362.819,2114.782,129.5343,Knife,100,0,-132.3565,176.2269,0,False,False,False,135,2.460938
Uzzziii;D,Terrorist,2353.827,2126.081,130.3536,Knife,100,0,-151.952,184.0018,0,False,False,False,135,2.460938
Uzzziii;D,Terrorist,2342.565,2139.259,131.1729,Knife,100,0,-164.0129,188.679,0,False,False,False,135,2.460938
Uzzziii;D,Terrorist,2333.487,2149.482,131.4666,Knife,100,0,-167.3274,185.7459,0,False,False,False,135,2.460938
Uzzziii;D,Terrorist,2324.275,2161.878,131.8818,Knife,100,0,-128.5142,210.3354,0,False,False,False,135,2.460938
Uzzziii;D,Terrorist,2316.302,2177.404,131.9346,Knife,100,0,-115.7891,221.5691,0,False,False,False,129.375,1.757813
Uzzziii;D,Terrorist,2309.802,2189.431,143.0183,Knife,100,0,-119.0717,219.8225,267.6184,False,False,False,121.9922,2.109375
Uzzziii;D,Terrorist,2302.361,2203.17,158.182,Knife,100,0,-119.0717,219.8225,217.6184,False,False,False,121.9922,2.8125
Uzzziii;D,Terrorist,2292.849,2215.514,170.2207,Knife,100,0,-172.3339,183.55,167.6184,False,False,False,126.2109,3.164063
Uzzziii;D,Terrorist,2281.611,2226.621,179.1344,Knife,100,0,-185.6479,172.9412,117.6184,False,False,False,130.0781,3.867188
Uzzziii;D,Terrorist,2269.451,2236.922,184.9231,Knife,100,0,-202.4772,157.1378,67.61838,False,False,False,135.3516,5.273438
Uzzziii;D,Terrorist,2256.123,2245.987,187.5868,Knife,100,0,-222.168,134.1746,17.61838,False,False,False,142.3828,6.679688
Uzzziii;D,Terrorist,2241.425,2253.141,187.1255,Knife,100,0,-244.7538,98.24058,-32.38162,False,False,False,151.5234,7.734375
Uzzziii;D,Terrorist,2223.399,2258.222,182.8712,Knife,100,0,-261.9879,57.64078,-88.63162,False,False,False,161.0156,7.734375
Uzzziii;D,Terrorist,2209.01,2261.191,176.8279,Knife,100,0,-263.1414,54.12752,-132.3816,False,False,False,161.0156,6.679688
Uzzziii;D,Terrorist,2192.563,2264.574,166.9916,Knife,100,0,-263.1414,54.12752,-182.3816,False,False,False,157.8516,5.625
Uzzziii;D,Terrorist,2174.06,2268.379,152.1904,Knife,100,0,-263.1414,54.12752,-238.6316,False,False,False,156.7969,4.921875
Uzzziii;D,Terrorist,2170.449,2271.321,140.0313,Knife,100,0,36.37994,51.82558,0,False,False,False,156.7969,4.921875
Uzzziii;D,Terrorist,2172.439,2274.156,140.0313,Knife,100,0,21.83681,31.10794,0,False,False,False,156.7969,4.921875
Uzzziii;D,Terrorist,2173.28,2275.353,140.0313,Knife,100,0,10.52549,14.99424,0,False,False,False,155.7422,4.921875
Uzzziii;D,Terrorist,2173.508,2275.678,140.0313,Knife,100,0,0,0,0,False,False,False,151.875,4.570313
Uzzziii;D,Terrorist,2173.508,2275.678,140.0313,Knife,100,0,0,0,0,False,False,False,148.0078,4.921875
Uzzziii;D,Terrorist,2173.508,2275.678,140.0313,AK47,100,0,0,0,0,False,False,False,148.0078,5.273438
Uzzziii;D,Terrorist,2173.4,2275.512,140.0313,AK47,100,0,-8.674259,-13.44457,0,False,False,False,146.9531,5.273438
Uzzziii;D,Terrorist,2171.828,2273.129,140.0313,AK47,100,0,-38.10417,-57.22186,0,False,False,False,145.8984,5.273438
Uzzziii;D,Terrorist,2170.425,2267.674,140.0473,AK47,100,0,-0.003978742,-78.40192,0,False,False,False,145.8984,5.273438
Uzzziii;D,Terrorist,2170.425,2264.01,140.0473,AK47,100,0,-0.002972287,-58.56953,0,False,False,False,145.8984,5.273438
Uzzziii;D,Terrorist,2170.425,2261.141,140.0473,AK47,100,0,-0.001830457,-36.06953,0,False,False,False,145.8984,5.273438
Uzzziii;D,Terrorist,2170.42,2259.938,140.0771,AK47,100,0,-0.2145678,3.31235,0,False,False,False,141.6797,6.328125
Uzzziii;D,Terrorist,2170.407,2261.15,140.1488,AK47,100,0,-0.1852058,33.18016,0,False,False,False,132.1875,9.140625
Uzzziii;D,Terrorist,2170.51,2265.358,140.0313,AK47,100,0,3.957852,85.22537,0,False,False,False,130.4297,10.89844
Uzzziii;D,Terrorist,2170.853,2271.274,140.0313,AK47,100,0,7.873226,123.9017,0,False,False,False,130.4297,10.89844
Uzzziii;D,Terrorist,2170.419,2279.443,140.0313,AK47,100,0,-0.2765276,125.8541,0,False,False,False,130.4297,10.89844
Uzzziii;D,Terrorist,2167.986,2286.287,140.0313,AK47,100,0,-66.0666,98.05609,0,False,False,False,130.4297,12.65625
Uzzziii;D,Terrorist,2161.146,2292.293,140.0313,AK47,100,0,-119.4582,76.96465,0,False,False,False,127.9687,15.11719
Uzzziii;D,Terrorist,2152.435,2296.709,140.0313,AK47,100,0,-153.308,66.65157,0,False,False,False,125.5078,16.17188
Uzzziii;D,Terrorist,2141.953,2300.685,140.0313,AK47,100,0,-177.7206,62.00023,0,False,False,False,122.6953,17.22656
Uzzziii;D,Terrorist,2131.849,2303.258,140.0313,AK47,100,0,-188.3392,28.55895,0,False,False,False,120.2344,17.22656
Uzzziii;D,Terrorist,2123.468,2306.395,140.0313,AK47,100,0,-69.69899,55.69453,0,False,False,False,118.125,16.17188
Uzzziii;D,Terrorist,2121.018,2309.957,140.0313,AK47,100,0,-30.75478,50.29832,0,False,False,False,117.0703,14.76563
Uzzziii;D,Terrorist,2119.657,2312.183,140.0313,AK47,100,0,-20.48462,33.50185,0,False,False,False,117.0703,14.41406
Uzzziii;D,Terrorist,2118.789,2313.602,140.0313,AK47,100,0,-8.747294,14.30588,0,False,False,False,117.0703,14.41406
Uzzziii;D,Terrorist,2118.619,2313.88,140.0313,AK47,100,0,0,0,0,False,False,False,117.7734,14.76563
Uzzziii;D,Terrorist,2118.619,2313.88,140.0313,AK47,100,0,0,0,0,False,False,False,118.4766,15.11719
Uzzziii;D,Terrorist,2118.619,2313.88,140.0313,AK47,100,0,0,0,0,False,False,False,118.4766,15.46875
Uzzziii;D,Terrorist,2118.093,2314.524,140.0313,AK47,100,0,-25.6839,20.48079,0,False,False,False,118.8281,16.17188
Uzzziii;D,Terrorist,2114.51,2316.162,140.0313,Knife,100,0,-83.89003,32.20423,0,False,False,False,119.1797,16.17188
Uzzziii;D,Terrorist,2106.262,2318.995,140.0313,Knife,100,0,-141.0835,46.20884,0,False,False,False,118.4766,15.11719
Uzzziii;D,Terrorist,2097.515,2321.877,140.0313,Knife,100,0,-172.477,58.19902,0,False,False,False,112.5,11.25
Uzzziii;D,Terrorist,2085.868,2326.185,140.0313,Knife,100,0,-195.5194,77.63679,0,False,False,False,106.5234,7.382813
Uzzziii;D,Terrorist,2074.068,2332.449,140.0313,Knife,100,0,-175.8378,122.7091,0,False,False,False,106.5234,7.382813
Uzzziii;D,Terrorist,2063.984,2341.638,140.0313,Knife,100,0,-151.1719,164.1046,0,False,False,False,106.5234,7.382813
Uzzziii;D,Terrorist,2055.203,2353.014,140.0313,Knife,100,0,-133.0041,194.5947,0,False,False,False,106.5234,7.382813
Uzzziii;D,Terrorist,2047.393,2366.004,140.0313,Knife,100,0,-118.6093,217.3253,0,False,False,False,103.0078,7.03125
Uzzziii;D,Terrorist,2040.734,2380.12,140.0313,Knife,100,0,-96.12198,230.7825,0,False,False,False,95.97657,7.03125
Uzzziii;D,Terrorist,2036.053,2394.739,140.0313,Knife,100,0,-46.79048,233.7424,0,False,False,False,95.62501,7.03125
Uzzziii;D,Terrorist,2035.37,2409.269,140.0313,Knife,100,0,14.23449,231.5994,0,False,False,False,95.62501,7.03125
Uzzziii;D,Terrorist,2037.91,2423.686,140.0313,Knife,100,0,59.18282,230.021,0,False,False,False,95.62501,7.03125
Uzzziii;D,Terrorist,2042.823,2438.021,140.0313,Knife,100,0,92.30077,228.8493,0,False,False,False,95.62501,7.03125
Uzzziii;D,Terrorist,2050.367,2453.864,132.7062,Knife,100,0,117.2896,220.7785,0,False,False,False,93.86719,7.03125
Uzzziii;D,Terrorist,2057.227,2465.688,131.1477,Knife,100,0,130.9538,212.958,0,False,False,False,93.51563,7.03125
Uzzziii;D,Terrorist,2065.331,2478.214,129.4682,Knife,100,0,117.5133,179.5143,0,False,False,False,93.51563,6.679688
Uzzziii;D,Terrorist,2072.19,2488.691,128.0606,Knife,100,0,83.30933,127.2641,0,False,False,False,93.51563,6.679688
Uzzziii;D,Terrorist,2076.111,2494.681,127.2558,Knife,100,0,63.75273,97.38923,0,False,False,False,93.51563,6.679688
Uzzziii;D,Terrorist,2079.479,2499.826,126.5646,Knife,100,0,46.95747,71.73265,0,False,False,False,93.51563,6.679688
Uzzziii;D,Terrorist,2081.953,2503.605,126.0569,Knife,100,0,34.1386,52.15042,0,False,False,False,93.51563,6.679688
Uzzziii;D,Terrorist,2083.812,2506.445,125.6754,Knife,100,0,20.2749,30.97211,0,False,False,False,93.51563,6.679688
Uzzziii;D,Terrorist,2084.646,2507.719,125.5042,Knife,100,0,7.951614,12.14695,0,False,False,False,93.51563,6.679688
Uzzziii;D,Terrorist,2084.774,2507.915,125.4779,Knife,100,0,0,0,0,False,False,False,93.51563,6.679688
Uzzziii;D,Terrorist,2084.774,2507.915,125.4779,Knife,100,0,0,0,0,False,False,False,93.51563,6.679688
Uzzziii;D,Terrorist,2084.774,2507.915,125.4779,Knife,100,0,0,0,0,False,False,False,93.51563,6.679688
Uzzziii;D,Terrorist,2084.774,2507.915,125.4779,Knife,100,0,0,0,0,False,False,False,93.51563,6.679688
Uzzziii;D,Terrorist,2084.774,2507.915,125.4779,Knife,100,0,0,0,0,False,False,False,93.51563,6.679688
Uzzziii;D,Terrorist,2084.774,2507.915,125.4779,Knife,100,0,0,0,0,False,False,False,93.51563,6.679688
Uzzziii;D,Terrorist,2084.774,2507.915,125.4779,Knife,100,0,0,0,0,False,False,False,93.51563,6.679688
Uzzziii;D,Terrorist,2084.774,2507.915,125.4779,Knife,100,0,0,0,0,False,False,False,93.51563,6.679688
Uzzziii;D,Terrorist,2084.774,2507.915,125.4779,Knife,100,0,0,0,0,False,False,False,93.51563,6.679688
Uzzziii;D,Terrorist,2084.774,2507.915,125.4779,Knife,100,0,0,0,0,False,False,False,93.16406,7.03125
Uzzziii;D,Terrorist,2084.774,2507.915,125.4779,Knife,100,0,0,0,0,False,False,False,93.16406,7.03125
Uzzziii;D,Terrorist,2084.77,2508,125.4685,Knife,100,0,-0.6033648,10.92085,0,False,False,False,93.16406,7.03125
Uzzziii;D,Terrorist,2084.703,2510.966,125.293,Knife,100,0,0.5159598,75.83496,0,False,False,False,84.72656,5.976563
Uzzziii;D,Terrorist,2085.647,2517.604,125.2466,Knife,100,0,32.53659,124.1995,0,False,False,False,49.57031,3.867188
Uzzziii;D,Terrorist,2090.454,2526.712,125.014,Knife,100,0,97.32048,127.4309,0,False,False,False,19.33594,1.40625
Uzzziii;D,Terrorist,2097.134,2533.44,124.8521,Knife,100,0,139.1435,120.007,0,False,False,False,19.33594,1.40625
Uzzziii;D,Terrorist,2108.546,2541.588,124.5814,Knife,100,0,178.827,112.9628,0,False,False,False,19.33594,1.40625
Uzzziii;D,Terrorist,2118.474,2547.866,124.4248,AK47,100,0,175.754,123.8367,0,False,False,False,19.33594,1.40625
Uzzziii;D,Terrorist,2128.721,2556.54,124.3515,AK47,100,0,155.4993,148.4755,0,False,False,False,16.17188,1.757813
Uzzziii;D,Terrorist,2138.355,2565.905,125.0713,AK47,100,0,158.5564,145.2063,0,False,False,False,337.8516,358.9453
Uzzziii;D,Terrorist,2150.523,2574.64,126.5052,AK47,100,0,184.09,103.1168,0,False,False,False,306.2109,358.2422
Uzzziii;D,Terrorist,2161.076,2579.201,127.6481,AK47,100,0,199.0637,69.89566,0,False,False,False,306.2109,358.2422
Uzzziii;D,Terrorist,2173.958,2582.474,128.9666,AK47,100,0,208.0235,35.18076,0,False,False,False,306.2109,358.2422
Uzzziii;D,Terrorist,2186.38,2582.374,130.3569,AK47,100,0,192.2425,-27.41613,0,False,False,False,306.2109,358.2422
